,URL,District,Address,Tag,Area,Price,latitude,longitude
0,https://km.58.com/shangpu/41439806117265x.shtml,昆明市官渡区,万科魅力之城,免租2个月 临街 下水 外摆区,150 ㎡,1.51,24.963661,102.787503
1,https://km.58.com/shangpu/41447017841701x.shtml,昆明市官渡区,广居路553号,免租2个月 临街 上水 下水 外摆区,199.09 ㎡,2.26,24.963661,102.787503
2,https://km.58.com/shangpu/41637977468450x.shtml,昆明市官渡区,锦苑花园,临街 上水 下水 380V,134 ㎡,2.9,25.009993,102.726505
3,https://km.58.com/shangpu/41580056211856x.shtml,昆明市官渡区,邦盛国际茶城,临街 可明火 上水 下水,201 ㎡,1.66,24.986094,102.731491
4,https://km.58.com/shangpu/41691134854657x.shtml,昆明市官渡区,昆明世纪城,临街 上水 下水 380V,150 ㎡,8.89,24.969415,102.753977
5,https://km.58.com/shangpu/41734939765903x.shtml,昆明市官渡区,昆明世纪城,临街 可餐饮,115.95 ㎡,1.7,24.969415,102.753977
6,https://km.58.com/shangpu/41640051056548x.shtml,昆明市官渡区,邦盛国际茶城,临街 380V 外摆区,240 ㎡,1.83,24.986094,102.731491
7,https://km.58.com/shangpu/41439288098467x.shtml,昆明市官渡区,广合苑,临街 上水 下水,280 ㎡,4.17,25.032661,102.73252
8,https://km.58.com/shangpu/41637813593994x.shtml,昆明市官渡区,双桥路,免租1个月 临街 上水 下水,110 ㎡,6.06,25.01454,102.748957
9,https://km.58.com/shangpu/41181810398608x.shtml,昆明市官渡区,8090服装店,临街 上水 下水,100 ㎡,1.0,24.967523,102.72035
10,https://km.58.com/shangpu/41736770850207x.shtml,昆明市官渡区,织布营,临街 可餐饮 可明火 上水,250 ㎡,1.33,24.980293,102.7746
11,https://km.58.com/shangpu/41612172891808x.shtml,昆明市官渡区,昆明陆海文化教育培训学校,免租1个月 临街 上水 下水,150 ㎡,1.33,25.013571,102.751129
12,https://km.58.com/shangpu/41736251829889x.shtml,昆明市官渡区,普自农贸市场,免租1个月 临街,180 ㎡,0.56,24.945403,102.765856
13,https://km.58.com/shangpu/41149329011203x.shtml,昆明市官渡区,峨山温泉大酒店,免租1个月 临街 上水 下水 380V,166 ㎡,4.42,25.0209,102.749633
14,https://km.58.com/shangpu/41106783009558x.shtml,昆明市官渡区,高原明珠国际五金机电商城-2号门,上水 下水,200 ㎡,0.83,24.988147,102.754423
15,https://km.58.com/shangpu/40666998386191x.shtml,昆明市官渡区,俊福花城-满福苑,免租1个月 临街 上水 下水,100 ㎡,1.0,24.939975,102.764619
16,https://km.58.com/shangpu/41612619998356x.shtml,昆明市官渡区,凯旋利·车博汇,免租1个月 临街 可明火 上水 下水,240 ㎡,2.3,24.981398,102.726403
17,https://km.58.com/shangpu/41128083716497x.shtml,昆明市官渡区,凯旋利·车博汇,免租1个月 临街 可明火 上水 下水,210 ㎡,2.8,24.981398,102.726403
18,https://km.58.com/shangpu/41505960391560x.shtml,昆明市官渡区,绿洲花园-10栋,免租1个月 临街 上水 下水 外摆区,120 ㎡,3.33,25.03085,102.737122
19,https://km.58.com/shangpu/40775598566301x.shtml,昆明市官渡区,俊福花城聚福苑,免租3个月 临街 上水 下水 380V,225 ㎡,1.04,24.942151,102.765894
20,https://km.58.com/shangpu/41729601486858x.shtml,昆明市官渡区,三叶饭店,免租1个月 临街 可餐饮 可明火 上水,300 ㎡,5.56,25.025486,102.728266
21,https://km.58.com/shangpu/41393899038737x.shtml,昆明市官渡区,融城春晓-1栋,临街 可餐饮 上水 下水,120 ㎡,1.94,25.021517,102.751742
22,https://km.58.com/shangpu/41683157785349x.shtml,昆明市官渡区,昆明世纪城,免租1个月 临街 可餐饮 可明火 上水,350 ㎡,2.19,24.969415,102.753977
23,https://km.58.com/shangpu/41559027630367x.shtml,昆明市官渡区,新螺蛳湾,临街,134 ㎡,5.22,24.945241,102.782435
24,https://km.58.com/shangpu/41151637726627x.shtml,昆明市官渡区,中国外运机电市场,免租1个月 临街 外摆区,200 ㎡,0.2,25.005971,102.772582
25,https://km.58.com/shangpu/41505738121765x.shtml,昆明市官渡区,俊发·湾流海河畔三组团,临街 上水 下水,108 ㎡,1.54,24.951328,102.753264
26,https://km.58.com/shangpu/41360630337814x.shtml,昆明市官渡区,新广丰食品城,免租1个月 临街 可餐饮 上水 下水,150 ㎡,0.02,24.99456,102.78615
27,https://km.58.com/shangpu/41360573746597x.shtml,昆明市官渡区,骏信国际汽车汽配城二期(2期),免租1个月 临街 上水 下水,250 ㎡,0.01,24.973605,102.809933
28,https://km.58.com/shangpu/39483276769291x.shtml,昆明市官渡区,牛街娱乐城,免租1个月 可餐饮 可明火 上水 下水,150 ㎡,1.33,25.010145,102.78615
29,https://km.58.com/shangpu/41539070663827x.shtml,昆明市官渡区,海伦国际海德区-南门,免租1个月 临街 可餐饮 上水 下水,293 ㎡,2.6,24.974228,102.750465
30,https://km.58.com/shangpu/41714084962209x.shtml,昆明市官渡区,新广丰B区,临街 上水 下水 外摆区,300 ㎡,0.78,24.993645,102.784338
31,https://km.58.com/shangpu/41713737101190x.shtml,昆明市官渡区,新嘉源茶酒批发市场,临街 上水 下水,150 ㎡,2.78,24.98945,102.7803
32,https://km.58.com/shangpu/41713306266640x.shtml,昆明市官渡区,吴井理想海鲜综合市场,免租1个月 临街 可餐饮 380V,200 ㎡,1.0,25.028235,102.741546
33,https://km.58.com/shangpu/41446719952408x.shtml,昆明市官渡区,万科魅力之城,免租1个月 临街 下水 外摆区,199.09 ㎡,2.28,24.963661,102.787503
34,https://km.58.com/shangpu/41359759560325x.shtml,昆明市官渡区,锦苑花园,临街 可餐饮,134 ㎡,2.74,25.009993,102.726505
35,https://km.58.com/shangpu/40860989918737x.shtml,昆明市官渡区,银海清溪渡购物公园,免租1个月 临街 上水 下水 380V,107 ㎡,5.61,24.960139,102.756532
36,https://km.58.com/shangpu/41284291674785x.shtml,昆明市官渡区,新广丰食品批发市场-1号门,临街 上水 下水,132 ㎡,1.33,24.994253,102.782471
37,https://km.58.com/shangpu/41592432751515x.shtml,昆明市官渡区,交通银行24小时自助银行服务(银海国贸花园),免租2个月 临街 可明火 上水 下水,152 ㎡,3.29,25.013589,102.737158
38,https://km.58.com/shangpu/41705320946206x.shtml,昆明市官渡区,邦盛国际茶城,临街 可餐饮 可明火 上水,200 ㎡,0.17,24.986094,102.731491
39,https://km.58.com/shangpu/41328784930710x.shtml,昆明市官渡区,万科魅力之城五期,免租1个月 临街 可餐饮 上水 下水,152.56 ㎡,1.86,24.96193,102.791644
40,https://km.58.com/shangpu/41513183450134x.shtml,昆明市官渡区,万科魅力之城,免租1个月 临街 上水 下水 外摆区,216 ㎡,2.16,24.963661,102.787503
41,https://km.58.com/shangpu/39624270211101x.shtml,昆明市官渡区,万景园,免租1个月 临街,150 ㎡,0.67,24.95793,102.768869
42,https://km.58.com/shangpu/41448512060417x.shtml,昆明市官渡区,官渡古镇,临街,338.23 ㎡,2.96,24.960282,102.760903
43,https://km.58.com/shangpu/41696108652574x.shtml,昆明市官渡区,董家湾路74号,临街 可明火 上水 下水,100 ㎡,2.5,25.04086,102.741875
44,https://km.58.com/shangpu/41682944672029x.shtml,昆明市官渡区,织布营,临街 可餐饮 上水 下水,248 ㎡,1.34,24.980293,102.7746
45,https://km.58.com/shangpu/41469516679559x.shtml,昆明市官渡区,昆明海伦国际,免租1个月 临街 上水 下水 外摆区,110 ㎡,2.73,24.973783,102.751073
46,https://km.58.com/shangpu/41460871776027x.shtml,昆明市官渡区,大板桥镇,临街 上水 下水 外摆区,100 ㎡,1.4,25.051417,102.886506
47,https://km.58.com/shangpu/41594830167562x.shtml,昆明市官渡区,俊福花城,临街 可明火 上水 下水,128.25 ㎡,2.34,24.936601,102.76512
48,https://km.58.com/shangpu/41626374110502x.shtml,昆明市官渡区,官山综合楼,临街 上水 下水,280 ㎡,0.54,24.982857,102.799625
49,https://km.58.com/shangpu/41685666671766x.shtml,昆明市官渡区,大麻苴,可明火 上水 下水 外摆区,135 ㎡,0.62,25.014727,102.796805
50,https://km.58.com/shangpu/41684575996067x.shtml,昆明市官渡区,万豪商务酒店,临街,100 ㎡,2.33,24.980587,102.777281
51,https://km.58.com/shangpu/41683263068673x.shtml,昆明市官渡区,俊福花城-满福苑,临街,131 ㎡,1.27,24.939975,102.764619
52,https://km.58.com/shangpu/40752573308811x.shtml,昆明市官渡区,中国石油(东力加油站),临街 上水 下水,130 ㎡,1.41,25.035943,102.756821
53,https://km.58.com/shangpu/41670456164373x.shtml,昆明市官渡区,北京路/环城南路(路口),临街 外摆区,100 ㎡,5.0,25.030572,102.727249
54,https://km.58.com/shangpu/41669744036229x.shtml,昆明市官渡区,云南省昆明市滇中新区大板桥街道长坡村,临街 可餐饮 可明火 下水,110 ㎡,0.45,25.133001,102.983997
55,https://km.58.com/shangpu/41538007667219x.shtml,昆明市官渡区,俊发湾流海四组团,临街 上水 下水,184 ㎡,1.81,24.950151,102.751033
56,https://km.58.com/shangpu/41658372843042x.shtml,昆明市官渡区,岚春苑-1号门,上水 下水,140 ㎡,1.5,24.969082,102.762162
57,https://km.58.com/shangpu/41656587279114x.shtml,昆明市官渡区,新亚洲体育城,临街 可餐饮 下水 外摆区,270 ㎡,188.0,24.952862,102.776209
58,https://km.58.com/shangpu/41208162656537x.shtml,昆明市官渡区,珥季路,临街 可餐饮 可明火 上水,117 ㎡,1.71,24.978283,102.776218
59,https://km.58.com/shangpu/41649109819657x.shtml,昆明市官渡区,老北京自助火锅,免租1个月 临街 可餐饮 可明火 上水,320 ㎡,1.46,25.069938,102.660848
60,https://km.58.com/shangpu/41647826798866x.shtml,昆明市官渡区,云南旗骏汽车服务广场,临街 外摆区,150 ㎡,2.89,25.014258,102.776499
61,https://km.58.com/shangpu/41628253679649x.shtml,昆明市官渡区,昆明康乐茶文化城,临街,200 ㎡,1.17,24.992965,102.728299
62,https://km.58.com/shangpu/41640910365323x.shtml,昆明市官渡区,实力山语间,临街,128 ㎡,2.93,25.040419,102.771379
63,https://km.58.com/shangpu/41638484267786x.shtml,昆明市官渡区,高庙商业步行街,免租3个月 临街 可餐饮,200 ㎡,0.17,24.932073,102.761706
64,https://km.58.com/shangpu/41638463320606x.shtml,昆明市官渡区,金源大道,临街,150 ㎡,11.11,24.975779,102.758375
65,https://km.58.com/shangpu/41104911461129x.shtml,昆明市官渡区,长水航城茉莉苑,临街 可餐饮 可明火 上水,195.75 ㎡,1.87,25.092462,102.96085
66,https://km.58.com/shangpu/41634451136515x.shtml,昆明市官渡区,普照温泉酒店,临街 可餐饮 可明火 上水,400 ㎡,2.08,24.997068,102.811445
67,https://km.58.com/shangpu/40739140519328x.shtml,昆明市官渡区,昆明市官渡区中华小学海伦国际学校,临街 外摆区,300 ㎡,2.3,24.973687,102.752974
68,https://km.58.com/shangpu/41627414956322x.shtml,昆明市官渡区,水晶堡,可明火,130 ㎡,0.64,24.951995,102.769414
69,https://km.58.com/shangpu/41618215932555x.shtml,昆明市官渡区,昆船公园,临街 可餐饮 上水 下水,210 ㎡,2.38,24.999774,102.802814
70,https://km.58.com/shangpu/41618505468315x.shtml,昆明市官渡区,海伦国际泰晤士区,临街 可明火 上水 下水,200 ㎡,0.01,24.979777,102.760752
71,https://km.58.com/shangpu/41618098413729x.shtml,昆明市官渡区,云南联贸大厦-裙楼,免租1个月 上水 下水,200 ㎡,1.67,25.027771,102.727095
72,https://km.58.com/shangpu/41493160253443x.shtml,昆明市官渡区,俊发湾流海四组团,免租1个月 临街,153 ㎡,21.79,24.950151,102.751033
73,https://km.58.com/shangpu/41614635917476x.shtml,昆明市官渡区,大学城商业街,临街 外摆区,150 ㎡,3.7,24.983368,102.794644
74,https://km.58.com/shangpu/41612573869085x.shtml,昆明市官渡区,南城坊-3幢,临街,200 ㎡,1.67,24.987145,102.731115
75,https://km.58.com/shangpu/41606447858592x.shtml,昆明市官渡区,汇和·紫光园-1栋,免租1个月 临街 上水 下水,130 ㎡,1.79,25.04416,102.759546
76,https://km.58.com/shangpu/41605223936019x.shtml,昆明市官渡区,东信中心城,免租4个月 临街 可餐饮 上水 下水,120 ㎡,0.22,24.954918,102.845634
77,https://km.58.com/shangpu/40221612245135x.shtml,昆明市官渡区,昆明吴井理想海鲜综合市场-西南门,临街 可餐饮 可明火 上水,280 ㎡,2.17,25.029353,102.740006
78,https://km.58.com/shangpu/41604858105493x.shtml,昆明市官渡区,小麻苴世豪香颂时光,临街 可餐饮 可明火 上水,220 ㎡,1.21,25.004172,102.801003
79,https://km.58.com/shangpu/41604451039247x.shtml,昆明市官渡区,昆明世纪城,临街 上水 下水,268 ㎡,1.59,24.969415,102.753977
80,https://km.58.com/shangpu/41603969491725x.shtml,昆明市官渡区,万科魅力之城-1期,临街 上水 下水,170 ㎡,2.45,24.963922,102.787633
81,https://km.58.com/shangpu/41602441419781x.shtml,昆明市官渡区,中林建材城B区-1幢,免租1个月 临街,200 ㎡,3.33,24.992339,102.76059
82,https://km.58.com/shangpu/41204141920135x.shtml,昆明市官渡区,彼岸小区-二期,临街 上水 下水,276 ㎡,0.72,24.972461,102.783862
83,https://km.58.com/shangpu/41491529147294x.shtml,昆明市官渡区,思兰雅苑-A区,临街 外摆区,106 ㎡,2.83,24.959722,102.834151
84,https://km.58.com/shangpu/41590522825372x.shtml,昆明市官渡区,同兴工业市场,免租1个月 临街 可餐饮,195 ㎡,0.34,25.006519,102.767876
85,https://km.58.com/shangpu/40606531542409x.shtml,昆明市官渡区,碧水蓝天,临街 可餐饮 上水 下水,220 ㎡,1.14,25.003461,102.732279
86,https://km.58.com/shangpu/41585438444056x.shtml,昆明市官渡区,官渡古镇,临街 外摆区,128 ㎡,1.3,24.960282,102.760903
87,https://km.58.com/shangpu/41571882656544x.shtml,昆明市官渡区,黎明路/董家湾路(路口),临街 可餐饮 可明火 上水,200 ㎡,1.17,25.041667,102.743656
88,https://km.58.com/shangpu/41569737526047x.shtml,昆明市官渡区,雨龙路,临街 可餐饮,395 ㎡,2.11,25.021107,102.756614
89,https://km.58.com/shangpu/41568663637910x.shtml,昆明市官渡区,昆明市官渡区永胜星光幼儿园,临街 可餐饮,180 ㎡,1.0,24.964769,102.720813
90,https://km.58.com/shangpu/41563295511320x.shtml,昆明市官渡区,高原明珠国际五金机电商城-1号门,上水 下水,150 ㎡,2.22,24.985075,102.751793
91,https://km.58.com/shangpu/41562454317701x.shtml,昆明市官渡区,万科魅力之城-1期,临街 可餐饮 可明火 上水,120 ㎡,4.06,24.963922,102.787633
92,https://km.58.com/shangpu/41558975718669x.shtml,昆明市官渡区,大润发商业广场-1幢,免租1个月 临街 可明火 上水 下水,140 ㎡,2.38,24.995194,102.728607
93,https://km.58.com/shangpu/41206740844682x.shtml,昆明市官渡区,飞虎大道与广福路交叉口,免租1个月 临街 可餐饮 上水 下水,187 ㎡,2.77,24.980203,102.736538
94,https://km.58.com/shangpu/41265250233602x.shtml,昆明市官渡区,星都国际总部基地,免租1个月 临街,331 ㎡,0.22,24.956845,102.7732
95,https://km.58.com/shangpu/41528878411398x.shtml,昆明市官渡区,长水航城云翎苑,临街 上水 下水,111 ㎡,1.67,25.077694,102.94299
96,https://km.58.com/shangpu/41540892465815x.shtml,昆明市官渡区,俊福花城,临街 可餐饮 可明火 上水,143 ㎡,1.47,24.936601,102.76512
97,https://km.58.com/shangpu/41530517770775x.shtml,昆明市官渡区,万景园-东门,临街 下水 外摆区,120 ㎡,6.02,24.959592,102.770116
98,https://km.58.com/shangpu/41529184831747x.shtml,昆明市官渡区,昆明世纪城,临街 上水 下水,150 ㎡,10.0,24.969415,102.753977
99,https://km.58.com/shangpu/41527791863208x.shtml,昆明市官渡区,大都摩天购物中心,免租3个月 临街 可餐饮 上水 下水,300 ㎡,2.0,24.97498,102.775014
100,https://km.58.com/shangpu/41526002336530x.shtml,昆明市官渡区,沙沟社区农贸市场,临街 外摆区,400 ㎡,0.38,25.055543,102.906387
101,https://km.58.com/shangpu/41520374606854x.shtml,昆明市官渡区,琥珀俊园2期,免租3个月 临街 上水 下水 外摆区,150 ㎡,1.33,24.947661,102.75465
102,https://km.58.com/shangpu/41515905660705x.shtml,昆明市官渡区,骏信国际汽车汽配城二期(2期),临街 下水,260 ㎡,0.97,24.973605,102.809933
103,https://km.58.com/shangpu/41515089499166x.shtml,昆明市官渡区,新广丰综合批发市场,可明火,132 ㎡,1.39,24.993154,102.785314
104,https://km.58.com/shangpu/41505198415877x.shtml,昆明市官渡区,和甸营村,临街 可餐饮 上水 外摆区,200 ㎡,1.0,25.008272,102.766324
105,https://km.58.com/shangpu/41338743758626x.shtml,昆明市官渡区,小喜村,临街 上水 380V,321 ㎡,0.36,24.98712,102.792278
106,https://km.58.com/shangpu/41473344295951x.shtml,昆明市官渡区,海伦国际8号地,免租1个月 临街 上水 下水 380V,131 ㎡,2.04,24.977504,102.755506
107,https://km.58.com/shangpu/40826097087887x.shtml,昆明市官渡区,长水航城茉莉苑,免租1个月 临街 可餐饮 可明火 上水,169 ㎡,1.93,25.092462,102.96085
108,https://km.58.com/shangpu/41463386356370x.shtml,昆明市官渡区,新螺蛳湾,临街 可明火 外摆区,100 ㎡,6.67,24.945241,102.782435
109,https://km.58.com/shangpu/41462709357604x.shtml,昆明市官渡区,东泰花园-二区,临街 可餐饮 上水 下水,300 ㎡,1.11,24.966952,102.802963
110,https://km.58.com/shangpu/41459061179560x.shtml,昆明市官渡区,高原明珠国际五金机电城,上水 下水,170 ㎡,1.12,24.988059,102.758955
111,https://km.58.com/shangpu/41459776775204x.shtml,昆明市官渡区,俊发·新螺蛳湾国际商贸城,临街,240 ㎡,4.5,24.939909,102.781756
112,https://km.58.com/shangpu/40608671172229x.shtml,昆明市官渡区,天盾大酒店,临街,130 ㎡,1.79,24.967859,102.750944
113,https://km.58.com/shangpu/41448604473613x.shtml,昆明市官渡区,花箐村,临街 可餐饮 外摆区,300 ㎡,0.67,25.126693,102.923036
114,https://km.58.com/shangpu/41448934818465x.shtml,昆明市官渡区,何老幺野鱼(国贸路店),临街 上水 下水,110 ㎡,4.06,25.016695,102.747254
115,https://km.58.com/shangpu/41447730049156x.shtml,昆明市官渡区,世纪城茶叶市场(世纪金源购物中心店),免租1个月 上水 下水,100 ㎡,1.59,24.983183,102.767678
116,https://km.58.com/shangpu/41447112956706x.shtml,昆明市官渡区,俊发·湾流海河畔三组团,临街 上水 下水,104 ㎡,1.28,24.951328,102.753264
117,https://km.58.com/shangpu/41238346017695x.shtml,昆明市官渡区,银海国贸花园,临街 可明火 上水 下水,152 ㎡,2.19,25.013702,102.737608
118,https://km.58.com/shangpu/41419941603356x.shtml,昆明市官渡区,骏信国际汽车汽配城二期(2期),临街 上水 下水,165 ㎡,0.69,24.973605,102.809933
119,https://km.58.com/shangpu/40643356194979x.shtml,昆明市官渡区,鸣泉村,临街 可餐饮 可明火 外摆区,195 ㎡,1.54,25.004057,102.773993
120,https://km.58.com/shangpu/40739337812616x.shtml,昆明市官渡区,昆明市官渡区中华小学海伦国际学校,临街 外摆区,302 ㎡,2.43,24.973687,102.752974
121,https://km.58.com/shangpu/41528584250261x.shtml,昆明市西山区,万达广场(西山店),免租1个月 临街 可明火 上水 下水,307 ㎡,6.0,25.014191,102.716539
122,https://km.58.com/shangpu/41459614432026x.shtml,昆明市西山区,华都花园,临街 下水 外摆区,192 ㎡,1.74,24.981303,102.718929
123,https://km.58.com/shangpu/41516830787866x.shtml,昆明市西山区,南亚风情第壹城,免租2个月 临街 380V 外摆区,381 ㎡,9.6,25.01512,102.691386
124,https://km.58.com/shangpu/41551555745438x.shtml,昆明市西山区,云南省第三人民医院,免租1个月 临街 可明火 上水 下水,280 ㎡,3.33,25.034325,102.726117
125,https://km.58.com/shangpu/41691065995906x.shtml,昆明市西山区,南亚风情第壹城,临街 上水 下水 380V,160 ㎡,10.42,25.01512,102.691386
126,https://km.58.com/shangpu/41607094393888x.shtml,昆明市西山区,云南白药大药房(西华连锁店),临街 可餐饮 上水 下水,174 ㎡,2.11,25.0358,102.690125
127,https://km.58.com/shangpu/41614051285913x.shtml,昆明市西山区,西华小区,临街 可餐饮 上水 下水,174 ㎡,2.11,25.034829,102.689513
128,https://km.58.com/shangpu/41459900582280x.shtml,昆明市西山区,恒大云报华府,临街 下水 380V,145 ㎡,3.22,25.006537,102.699654
129,https://km.58.com/shangpu/41703758511255x.shtml,昆明市西山区,万达广场(西山店),临街 可餐饮 可明火 上水,240 ㎡,3.33,25.014191,102.716539
130,https://km.58.com/shangpu/41359783337734x.shtml,昆明市西山区,金洲湾,临街 可餐饮 上水 下水,174 ㎡,2.39,25.067353,102.727354
131,https://km.58.com/shangpu/41723707983649x.shtml,昆明市西山区,理想小镇,临街 上水 下水 外摆区,184 ㎡,3.77,25.000901,102.716678
132,https://km.58.com/shangpu/41637988607138x.shtml,昆明市西山区,西华东区,临街 可餐饮 上水 下水,174 ㎡,2.11,25.032819,102.690902
133,https://km.58.com/shangpu/41636999911718x.shtml,昆明市西山区,园西路,临街 可明火 上水 下水,130 ㎡,1.23,25.062829,102.712576
134,https://km.58.com/shangpu/41361596577413x.shtml,昆明市西山区,东方广场,免租1个月 临街 可餐饮 可明火 上水,200 ㎡,8.67,25.035132,102.716037
135,https://km.58.com/shangpu/41615266197658x.shtml,昆明市西山区,西园路/西坝路(路口),临街 上水 下水,200 ㎡,4.44,25.033669,102.693548
136,https://km.58.com/shangpu/41672453309088x.shtml,昆明市西山区,南亚风情第壹城,临街 上水 下水,310 ㎡,6.09,25.01512,102.691386
137,https://km.58.com/shangpu/41712983893395x.shtml,昆明市西山区,绿景花园,免租1个月 临街 可明火 上水 下水,150 ㎡,8.89,25.018593,102.687762
138,https://km.58.com/shangpu/41668016766488x.shtml,昆明市西山区,春雨路1715号,临街 可餐饮 可明火 上水,400 ㎡,0.67,25.002543,102.623862
139,https://km.58.com/shangpu/41314794574364x.shtml,昆明市西山区,万达·昆明双塔,免租1个月 临街 可餐饮 可明火 上水,307 ㎡,6.17,25.014112,102.718095
140,https://km.58.com/shangpu/41383436537480x.shtml,昆明市西山区,西山新城,临街 可明火 上水 下水,140 ㎡,2.86,25.031286,102.65738
141,https://km.58.com/shangpu/41515045116418x.shtml,昆明市西山区,兴隆巷,免租1个月 临街 可明火 上水 下水,140 ㎡,2.86,25.045822,102.673057
142,https://km.58.com/shangpu/41670234951947x.shtml,昆明市西山区,南亚风情园,临街 可餐饮 可明火 上水,240 ㎡,1.39,25.015915,102.692933
143,https://km.58.com/shangpu/41517023282306x.shtml,昆明市西山区,南亚风情第壹城,免租1个月 临街 380V 外摆区,310 ㎡,6.07,25.01512,102.691386
144,https://km.58.com/shangpu/41691149627019x.shtml,昆明市西山区,南亚风情第壹城,临街 上水 下水 380V,220 ㎡,13.89,25.01512,102.691386
145,https://km.58.com/shangpu/41427177834639x.shtml,昆明市西山区,西福路,临街 可餐饮 上水 下水,110 ㎡,2.27,25.024982,102.686983
146,https://km.58.com/shangpu/41677671197339x.shtml,昆明市西山区,七公里(滇池路),临街 可餐饮 可明火 380V,400 ㎡,0.54,24.983536,102.676245
147,https://km.58.com/shangpu/41726889405446x.shtml,昆明市西山区,昆明南亚风情·第壹城,临街 上水 下水 380V,220 ㎡,6.36,25.01512,102.691386
148,https://km.58.com/shangpu/41524483660957x.shtml,昆明市西山区,旮旯角落(书林街店),临街 可餐饮 可明火 上水,140 ㎡,3.5,25.030855,102.71792
149,https://km.58.com/shangpu/41637319761689x.shtml,昆明市西山区,富邦花园,免租1个月 临街 上水 下水,164.5 ㎡,2.63,25.038003,102.718908
150,https://km.58.com/shangpu/41294749236231x.shtml,昆明市西山区,盛高大城-一期,上水 下水 380V 外摆区,136 ㎡,4.41,25.021014,102.704084
151,https://gy.58.com/shangpu/38883633356449x.shtml,昆明市西山区,别馆,免租1个月 临街 可明火 上水 下水,289 ㎡,1.06,25.019593,102.708298
152,https://km.58.com/shangpu/40545607071773x.shtml,昆明市西山区,华都花园-B区,临街 上水 下水 外摆区,100 ㎡,0.83,24.981056,102.714732
153,https://km.58.com/shangpu/41693416005762x.shtml,昆明市西山区,永昌二号巷,临街 可餐饮 可明火 上水,110 ㎡,1.76,25.025065,102.7129
154,https://km.58.com/shangpu/40143798310176x.shtml,昆明市西山区,胖虎奢侈品(西南旗舰店),临街,140 ㎡,0.05,24.991483,102.681036
155,https://km.58.com/shangpu/41615552009474x.shtml,昆明市西山区,云纺商业区(环城南路店),免租3个月 临街 上水 下水 380V,140 ㎡,0.48,25.029259,102.716775
156,https://km.58.com/shangpu/41537722416287x.shtml,昆明市西山区,银海山水间-3号门,免租1个月 临街,128 ㎡,1.35,25.007691,102.677468
157,https://km.58.com/shangpu/41703942853273x.shtml,昆明市西山区,佳湖新城-6幢,临街 下水,100 ㎡,2.17,24.999562,102.715989
158,https://km.58.com/shangpu/41713846158871x.shtml,昆明市西山区,恒大云报华府,免租2个月 临街 可明火 上水 下水,179 ㎡,2.42,25.006537,102.699654
159,https://km.58.com/shangpu/40212079414687x.shtml,昆明市西山区,未名城A3地块,免租1个月 临街 可明火 上水 下水,110 ㎡,0.04,25.000045,102.704935
160,https://km.58.com/shangpu/41706714760330x.shtml,昆明市西山区,润城第二大道,免租1个月 临街 可明火 上水 下水,138 ㎡,150.0,25.002725,102.713156
161,https://km.58.com/shangpu/41595613192725x.shtml,昆明市西山区,蓝光COCO蜜城-3栋,免租1个月 临街 上水 下水 外摆区,121 ㎡,2.34,24.998338,102.723886
162,https://km.58.com/shangpu/41703947997209x.shtml,昆明市西山区,鑫逸苑,临街,330 ㎡,2.02,25.000995,102.710249
163,https://km.58.com/shangpu/41697195693193x.shtml,昆明市西山区,润城第一大道,临街 上水 下水 外摆区,260 ㎡,1.86,25.003795,102.707663
164,https://km.58.com/shangpu/41571013495688x.shtml,昆明市西山区,南亚风情第一城-A1栋,免租10个月 上水 下水 380V 外摆区,163.8 ㎡,2.65,25.015532,102.689579
165,https://km.58.com/shangpu/41690201431692x.shtml,昆明市西山区,天阳花园-东门,临街 上水 下水,140 ㎡,3.1,25.035156,102.70097
166,https://km.58.com/shangpu/39274305266589x.shtml,昆明市西山区,昆明市西山区第一中学,临街 可餐饮 上水 下水,300 ㎡,0.28,25.054802,102.667666
167,https://km.58.com/shangpu/41684985544710x.shtml,昆明市西山区,金亚商业中心-A栋,临街 可餐饮 可明火 外摆区,104 ㎡,1.6,25.012561,102.699463
168,https://km.58.com/shangpu/41658707955086x.shtml,昆明市西山区,大学城,临街 上水 下水 380V,200 ㎡,13.33,24.842419,102.84885
169,https://km.58.com/shangpu/41649023425953x.shtml,昆明市西山区,良晨水逸2期,临街 可明火 下水 外摆区,354.1 ㎡,1.32,24.974609,102.712522
170,https://km.58.com/shangpu/41603163501728x.shtml,昆明市西山区,蓝光·COCO蜜城(望江路),临街 上水 下水 外摆区,200 ㎡,1.17,24.998465,102.723626
171,https://km.58.com/shangpu/41669954660897x.shtml,昆明市西山区,宏盛达滇池·柏悦5号楼,临街 可餐饮 可明火 上水,100 ㎡,1.83,25.037143,102.673315
172,https://km.58.com/shangpu/41659328381321x.shtml,昆明市西山区,时代风华-2期,免租1个月 临街 上水 下水,115 ㎡,4.06,24.992657,102.716751
173,https://km.58.com/shangpu/41659005724829x.shtml,昆明市西山区,时代风华2期-北门,免租1个月 临街,115 ㎡,4.06,24.993873,102.716573
174,https://km.58.com/shangpu/41657505974671x.shtml,昆明市西山区,滇池时代,免租2个月 临街 可餐饮 可明火 上水,100 ㎡,0.03,25.017515,102.691513
175,https://km.58.com/shangpu/41646100388484x.shtml,昆明市西山区,滇池半岛,免租2个月 临街 可明火 上水 下水,182 ㎡,4.03,25.02152,102.703827
176,https://km.58.com/shangpu/41358310305811x.shtml,昆明市西山区,云南经贸外事职业学院-南门,免租1个月 临街 上水 下水 外摆区,300 ㎡,1.11,24.796383,102.604176
177,https://km.58.com/shangpu/41538191894416x.shtml,昆明市西山区,东寺人家,临街 上水 下水,100 ㎡,1.67,25.03086,102.715469
178,https://km.58.com/shangpu/41638084004226x.shtml,昆明市西山区,晴朗云安小区-西门,免租1个月 临街,125.1 ㎡,4.0,25.046518,102.66818
179,https://km.58.com/shangpu/41637941211925x.shtml,昆明市西山区,海春路,临街 可餐饮 可明火 上水,120 ㎡,33.33,24.996083,102.710269
180,https://km.58.com/shangpu/41637179775642x.shtml,昆明市西山区,大商园-D幢,临街,130 ㎡,1.5,24.99057,102.713455
181,https://km.58.com/shangpu/41635922970121x.shtml,昆明市西山区,兰亭上锦-1期,临街 外摆区,300 ㎡,0.11,25.050891,102.653179
182,https://km.58.com/shangpu/41515784315044x.shtml,昆明市西山区,金地悦天下,临街 上水 下水,150 ㎡,2.67,25.016671,102.709657
183,https://km.58.com/shangpu/41170755353474x.shtml,昆明市西山区,大商汇-D区,临街,180 ㎡,2.57,24.989951,102.715378
184,https://km.58.com/shangpu/41085417541016x.shtml,昆明市西山区,金亚商业中心-A栋,临街 可餐饮 可明火 上水,240 ㎡,1.81,25.012561,102.699463
185,https://km.58.com/shangpu/41573325002881x.shtml,昆明市西山区,南悦城购物公园,免租1个月 临街 可餐饮 可明火 上水,118 ㎡,5.93,24.984137,102.719438
186,https://km.58.com/shangpu/41581015058845x.shtml,昆明市西山区,供销社生活超市,免租1个月 临街,100 ㎡,6.67,25.012385,102.694166
187,https://km.58.com/shangpu/41580547234075x.shtml,昆明市西山区,金帝富士商住楼,免租1个月 临街 上水 下水,200 ㎡,0.01,25.029964,102.716124
188,https://km.58.com/shangpu/41570729991308x.shtml,昆明市西山区,大商汇b区56号楼,临街,143 ㎡,1.4,24.988466,102.717642
189,https://km.58.com/shangpu/41303652944678x.shtml,昆明市西山区,云投·景苑,临街 上水 下水,227.29 ㎡,1.47,25.046995,102.686354
190,https://km.58.com/shangpu/40768516554246x.shtml,昆明市西山区,云南省党政干部培训中心,可餐饮,107 ㎡,3.12,25.034947,102.706623
191,https://km.58.com/shangpu/41338980846098x.shtml,昆明市西山区,城市广场-北区,免租1个月 临街 上水 下水 380V,117 ㎡,1.94,25.030989,102.695275
192,https://km.58.com/shangpu/41537862941987x.shtml,昆明市西山区,未名城1期,上水 下水,101 ㎡,1.19,25.000692,102.703832
193,https://km.58.com/shangpu/41415596708648x.shtml,昆明市西山区,恒大云报华府,免租1个月 临街 下水,124 ㎡,2.42,25.006537,102.699654
194,https://km.58.com/shangpu/41505037994765x.shtml,昆明市西山区,保利中心,临街 上水 下水 380V,121 ㎡,13.36,25.050144,102.690279
195,https://km.58.com/shangpu/41383577450123x.shtml,昆明市西山区,馨安苑-西门,免租1个月 临街 下水 外摆区,130 ㎡,4.27,24.9989,102.700771
196,https://km.58.com/shangpu/40529665627906x.shtml,昆明市西山区,安康路/环城西路(路口),临街 可明火 上水 380V,110 ㎡,2.58,25.034225,102.702039
197,https://km.58.com/shangpu/41252694609414x.shtml,昆明市西山区,大商汇高端全屋定制区,临街 上水 下水,185 ㎡,1.8,24.989591,102.713402
198,https://km.58.com/shangpu/40444681033241x.shtml,昆明市西山区,万达广场(西山店),免租1个月 临街 可餐饮 可明火 上水,313 ㎡,4.6,25.014191,102.716539
199,https://km.58.com/shangpu/41448864825238x.shtml,昆明市西山区,交通银行24小时自助银行服务(昆明西园路支行),临街 上水 下水 380V,260 ㎡,2.67,25.035285,102.690519
200,https://km.58.com/shangpu/41447744841735x.shtml,昆明市西山区,五里多大商汇菜市(3号门),免租1个月 上水 下水,200 ㎡,2.67,24.98789,102.719953
201,https://km.58.com/shangpu/41447524127520x.shtml,昆明市西山区,广福小区-2区,临街 可餐饮 上水 下水,152 ㎡,3.95,24.992824,102.701522
202,https://km.58.com/shangpu/41437816436262x.shtml,昆明市西山区,天泽园小区,临街 上水 下水 外摆区,110 ㎡,1.36,25.003768,102.666976
203,https://km.58.com/shangpu/41373966853160x.shtml,昆明市西山区,河宏路与前福路交叉口,免租1个月 临街 可餐饮 可明火 380V,151 ㎡,99.0,24.994609,102.704697
204,https://km.58.com/shangpu/40917405854886x.shtml,昆明市西山区,南坝小区-1幢,临街 外摆区,200 ㎡,2.0,25.014226,102.723634
205,https://km.58.com/shangpu/41394419663906x.shtml,昆明市西山区,华都花园-B区,免租1个月 临街 上水,220 ㎡,1.0,24.981056,102.714732
206,https://km.58.com/shangpu/41292927928731x.shtml,昆明市西山区,绿地盛高大城四期,可明火 上水 下水 380V,166 ㎡,2.0,25.019081,102.708982
207,https://km.58.com/shangpu/41422804273044x.shtml,昆明市西山区,南屏步行街,免租1个月 临街 可餐饮 可明火 上水,100 ㎡,1.0,25.043472,102.71801
208,https://km.58.com/shangpu/41420612099713x.shtml,昆明市西山区,滇壹酒店(南亚第一城店),临街,140 ㎡,2.86,25.017164,102.689848
209,https://km.58.com/shangpu/41337539942557x.shtml,昆明市西山区,未名城A3地块,免租1个月 临街 上水 下水,350 ㎡,0.01,25.000045,102.704935
210,https://km.58.com/shangpu/41417320886162x.shtml,昆明市西山区,良晨水逸2期,临街 上水 下水,354.1 ㎡,1.32,24.974609,102.712522
211,https://km.58.com/shangpu/41417629429287x.shtml,昆明市西山区,昆明度假区金良诊所,临街 上水 下水,354 ㎡,1.32,24.974442,102.711515
212,https://km.58.com/shangpu/41417397582471x.shtml,昆明市西山区,昆明市船房小区-清泉大院,临街 上水 下水,120 ㎡,0.86,25.031573,102.694954
213,https://km.58.com/shangpu/41406967632680x.shtml,昆明市西山区,丽苑路,免租1个月 临街,150 ㎡,5.56,25.042671,102.668774
214,https://km.58.com/shangpu/40473673721857x.shtml,昆明市西山区,西翥园-二期小区,临街 上水 下水 外摆区,103.13 ㎡,1.62,25.046707,102.669917
215,https://km.58.com/shangpu/41408368011547x.shtml,昆明市西山区,晨潜汽修,临街 下水 外摆区,200 ㎡,0.68,25.046173,102.651057
216,https://km.58.com/shangpu/41393536764680x.shtml,昆明市西山区,前福路/海盛路(路口),免租1个月 临街 可餐饮 可明火 上水,151.88 ㎡,3.38,24.990331,102.701683
217,https://km.58.com/shangpu/41372982119060x.shtml,昆明市西山区,大白鲸世界(螺蛳湾中心店),免租1个月 可餐饮 上水 下水 380V,300 ㎡,2.22,25.02889,102.719997
218,https://km.58.com/shangpu/41348928520095x.shtml,昆明市西山区,九夏云水,免租1个月 临街 上水 下水,120 ㎡,2.22,25.001105,102.681825
219,https://km.58.com/shangpu/40727725138823x.shtml,昆明市西山区,四元蔬菜店,免租1个月 临街 可餐饮 可明火 上水,150 ㎡,2.22,25.010792,102.695291
220,https://km.58.com/shangpu/41321509472134x.shtml,昆明市西山区,中天融域二期大厦24栋,临街 可明火 上水 下水,110 ㎡,0.85,24.984789,102.713729
221,https://km.58.com/shangpu/41317167616406x.shtml,昆明市西山区,云亭商苑,免租1个月 临街 可餐饮 上水 下水,115 ㎡,3.48,25.035855,102.717337
222,https://km.58.com/shangpu/41128503026971x.shtml,昆明市西山区,宝月精舍Homestay民宿精品酒店,临街 下水 380V,195 ㎡,5.98,25.035065,102.717732
223,https://km.58.com/shangpu/41260261557911x.shtml,昆明市西山区,理想小镇-41幢,临街 上水 下水,150 ㎡,3.67,25.000097,102.714958
224,https://km.58.com/shangpu/41252712377615x.shtml,昆明市西山区,大商汇,临街 下水,150 ㎡,2.89,24.990057,102.719952
225,https://km.58.com/shangpu/41251551230999x.shtml,昆明市西山区,大商汇国际茶城F99,临街 上水 下水 380V,168 ㎡,1.9,24.99033,102.72009
226,https://km.58.com/shangpu/41251046386700x.shtml,昆明市西山区,昆明博大商务酒店(南亚风情第壹城店),临街 可餐饮 可明火 上水,300 ㎡,0.01,25.01725,102.689064
227,https://km.58.com/shangpu/40136277696542x.shtml,昆明市西山区,大商汇C区建材城-22幢,临街,290 ㎡,2.49,24.990345,102.713558
228,https://km.58.com/shangpu/41217888370336x.shtml,昆明市西山区,恒大云报华府,临街 上水 下水,137 ㎡,1.95,25.006537,102.699654
229,https://km.58.com/shangpu/41130685433857x.shtml,昆明市西山区,阳光花园-昕苑,临街 外摆区,190 ㎡,0.01,25.018939,102.685275
230,https://km.58.com/shangpu/41038989106319x.shtml,昆明市西山区,春雨937工业遗产文化街区,临街 可餐饮 可明火 上水,160 ㎡,2.5,25.030148,102.639673
231,https://km.58.com/shangpu/41017819399939x.shtml,昆明市西山区,COCO蜜城,临街 上水 下水 外摆区,250 ㎡,1.2,24.998465,102.723626
232,https://km.58.com/shangpu/41007357497112x.shtml,昆明市西山区,万达广场(西山店),临街 可餐饮,314 ㎡,7.01,25.014191,102.716539
233,https://km.58.com/shangpu/40899143540495x.shtml,昆明市西山区,锦苑花园,临街,132 ㎡,2.53,25.009993,102.726505
234,https://km.58.com/shangpu/40799164535973x.shtml,昆明市西山区,船房大众食堂,临街 可餐饮 可明火 上水,160 ㎡,0.67,25.018923,102.689276
235,https://km.58.com/shangpu/40012694449050x.shtml,昆明市西山区,密林地带户外用品(东寺街店),临街 可明火 上水 下水,223.52 ㎡,1.49,25.032463,102.715567
236,https://km.58.com/shangpu/40697107022884x.shtml,昆明市西山区,秋苑小区-秋水台,可明火 上水 下水,200 ㎡,0.5,25.044517,102.675973
237,https://km.58.com/shangpu/40740320740360x.shtml,昆明市西山区,四季阳光小区-15幢,临街 可餐饮 下水,360 ㎡,0.14,25.041515,102.650583
238,https://km.58.com/shangpu/40065148988830x.shtml,昆明市西山区,拾指堂,免租1个月 临街 上水 下水,164.5 ㎡,2.63,25.038437,102.71889
239,https://km.58.com/shangpu/41284825114896x.shtml,昆明市西山区,永昌二号巷,临街 可餐饮 可明火 上水,110 ㎡,1.76,25.025065,102.7129
240,https://km.58.com/shangpu/41715962657424x.shtml,昆明市西山区,云纺文创园,免租3个月 临街 上水 下水 380V,140 ㎡,4.76,25.027888,102.716718
241,https://km.58.com/shangpu/41447066127505x.shtml,昆明市西山区,和顺园小区,免租1个月 临街 上水 下水 外摆区,140 ㎡,1.9,24.797791,102.602156
242,https://km.58.com/shangpu/41325715545092x.shtml,昆明市西山区,旮旯角落,临街 可餐饮 可明火 上水,140 ㎡,3.5,25.030855,102.71792
243,https://km.58.com/shangpu/41570680227337x.shtml,昆明市西山区,大商汇B区-56幢,临街 下水,143 ㎡,1.4,24.988466,102.717642
244,https://km.58.com/shangpu/41388776039684x.shtml,昆明市西山区,润城第一大道,临街 上水 下水 外摆区,260 ㎡,1.92,25.003795,102.707663
245,https://km.58.com/shangpu/41337460351751x.shtml,昆明市西山区,未名城A3地块,免租1个月 临街 可餐饮 可明火 上水,220 ㎡,0.02,25.000045,102.704935
246,https://km.58.com/shangpu/41570597341831x.shtml,昆明市西山区,大商汇-B区,临街 下水,143 ㎡,1.4,24.987725,102.715616
247,https://km.58.com/shangpu/41491096680328x.shtml,昆明市西山区,旮旯角落(书林街店),临街 可餐饮 可明火 上水,140 ㎡,3.5,25.030855,102.71792
248,https://km.58.com/shangpu/41337460344982x.shtml,昆明市西山区,未名城A3地块,免租1个月 临街 可餐饮 可明火 上水,220 ㎡,0.02,25.000045,102.704935
249,https://km.58.com/shangpu/41337460343208x.shtml,昆明市西山区,未名城A3地块,免租1个月 临街 可餐饮 可明火 上水,220 ㎡,0.02,25.000045,102.704935
250,https://km.58.com/shangpu/41681115239450x.shtml?legourl=//legoclick.58.com/jump?target=szqoUi3draOWUvYf0v66UhIkIitYnHm3nHDQPHc1rHEdnZ980v6YUykKuaYdnAEkmHIBPiYLuhEvsHwBmWmVmHn3riYdPAmQn1mLPW93rjnKPjnLrH0znjmvPHb1Pj9KTHDYnHnQPjDkPWm3n1nOnW9KnHmQnjTKnHmQnjTKnikQPEDQPWD_nHN3rEDQPH9vnj0kPHcYnj0LTHDKwbnVNDnVOuyAOsBpOuzkOsJMOsBeOmBgl2AClpAdOuyAlurlsSXNMSpDWSBqorB8JEDQTHDKTiYQTEDQnWEdnWm1rH0dPjnzPWTdPWbLTHmK0A7zmyd1nWT1rWD_Uy-6UbGGrWDkn7tYnjTKnEDYPWTYPhR-PaYOmWTksHEQuHTVmymLmzYznhFBmHbLmhEzuWDKnHcYPHcvn1bLPHNdPjcYnjNQnkDQnWEdnWm1rH0dPjbQn1cdrHNzTEDKTEDKsEDKTy6YIZK1rBtfpvY8PH98mvqVsLK6UhQfUh0f0v66UhIkIyPlsLK8nit4UhRLNvR60hPC5HDhmgF-mHYQnjKxPjTkFMPQ5HDhEvQGmvVFwjYQTyN3PLFpUju2u19dUztz0b72EyIfEy0KnHE8nWTYsWDdPB3QnTDVnEDkTEDQsjDdTgVqTHDknjnYTHDknjDdnHEKPhPWrANYmHEVry7WnaYYnjmksyDduyDVnvN1mymvPADQrjb1TEDkTEDKnTDQPWD_nHN3rikQnHbOP9DzTyRbmHcQnyNOm1N1m1bQnHD&referinfo=true&utm_source=&spm=&product=jingxuan,昆明市盘龙区,万宏国际,临街 上水 下水,234.17 ㎡,2.85,25.065046,102.732483
251,https://short.58.com/zd_p/9faf867f-e887-4947-ac37-9c4831ef0e06/?target=tk-16-xgk_femobwv_54036245091725q-feykn&end=end&lego_ts=nHTksAEVmHEdnWTLmvnVPjcvmiYYPHDLsyDLmymVPyEOP10YujbLPyELsjEkP1c3rHTYP1mdnHbY&product=zhiding,昆明市盘龙区,格林美步行街,临街 上水 下水,200 ㎡,1.42,25.055981,102.747253
252,https://km.58.com/shangpu/41723687781515x.shtml,昆明市盘龙区,金福园,上水 下水,150 ㎡,2.96,25.079205,102.726272
253,https://km.58.com/shangpu/41613876187155x.shtml,昆明市盘龙区,世纪俊园,免租1个月 临街 可明火 上水 下水,283 ㎡,1.83,25.064535,102.728873
254,https://km.58.com/shangpu/40776053946258x.shtml,昆明市盘龙区,江东花园二期,临街 上水 下水,205 ㎡,1.3,25.092053,102.745164
255,https://km.58.com/shangpu/41690194124185x.shtml,昆明市盘龙区,金实西区仿江南水乡,临街 可明火 上水 下水,224 ㎡,2.48,25.09597,102.736978
256,https://km.58.com/shangpu/41727401639318x.shtml,昆明市盘龙区,新迎小区,免租1个月 临街 可明火 上水 下水,200 ㎡,2.33,25.05471,102.749845
257,https://km.58.com/shangpu/41359770409997x.shtml,昆明市盘龙区,金洲湾,临街 可餐饮,400 ㎡,2.4,25.067353,102.727354
258,https://km.58.com/shangpu/41657385188749x.shtml,昆明市盘龙区,金色俊园,免租1个月 临街 可明火 上水 下水,400 ㎡,1.08,25.059427,102.752939
259,https://km.58.com/shangpu/41607109367698x.shtml,昆明市盘龙区,穿心鼓楼,临街 可餐饮 可明火 上水,260 ㎡,2.82,25.054989,102.726765
260,https://km.58.com/shangpu/41725247480337x.shtml,昆明市盘龙区,北辰财富中心,免租1个月 临街 可明火 上水 下水,230 ㎡,3.33,25.088078,102.74071
261,https://km.58.com/shangpu/41538850811039x.shtml,昆明市盘龙区,金江小区-熙苑,临街 可餐饮 可明火 上水,120 ㎡,2.22,25.102315,102.745568
262,https://km.58.com/shangpu/41690880096164x.shtml,昆明市盘龙区,俊发盛唐城,临街 可餐饮 可明火 上水,104 ㎡,200.0,25.081696,102.75091
263,https://km.58.com/shangpu/41727531865882x.shtml,昆明市盘龙区,金江小区,临街 可明火 上水 下水,253 ㎡,1.76,25.102324,102.745521
264,https://km.58.com/shangpu/41681115239450x.shtml,昆明市盘龙区,万宏国际,临街 上水 下水,234.17 ㎡,2.85,25.065046,102.732483
265,https://km.58.com/shangpu/41450474086554x.shtml,昆明市盘龙区,江东花园二期,免租1个月 临街,113 ㎡,5.31,25.092053,102.745164
266,https://km.58.com/shangpu/41636467331490x.shtml,昆明市盘龙区,保利玺樾1期,临街 可餐饮 可明火 上水,201 ㎡,2.07,25.072041,102.74942
267,https://km.58.com/shangpu/41549296666129x.shtml,昆明市盘龙区,金江小区,临街,378 ㎡,1.68,25.102324,102.745521
268,https://km.58.com/shangpu/41450402067211x.shtml,昆明市盘龙区,温馨家园,免租1个月 临街,145 ㎡,5.52,25.089885,102.737702
269,https://km.58.com/shangpu/41371392399389x.shtml,昆明市盘龙区,上东城-1幢,免租1个月 临街 可餐饮 可明火 上水,120 ㎡,2.08,25.047307,102.73825
270,https://km.58.com/shangpu/40720024863133x.shtml,昆明市盘龙区,金江小区-涵苑,临街 可餐饮 上水 下水,127 ㎡,2.23,25.101531,102.748045
271,https://km.58.com/shangpu/41723461791007x.shtml,昆明市盘龙区,葡萄街区·天宇花园,临街 上水 下水,180 ㎡,1.67,25.068494,102.72241
272,https://km.58.com/shangpu/41701342080655x.shtml,昆明市盘龙区,星雅俊园,临街 上水 下水 380V,375 ㎡,60.0,25.066588,102.73045
273,https://km.58.com/shangpu/41702195722274x.shtml,昆明市盘龙区,怡泰·A区停车场(入口),免租1个月 临街 可餐饮 上水 下水,126 ㎡,5.93,25.088348,102.737228
274,https://km.58.com/shangpu/41637011005986x.shtml,昆明市盘龙区,园西路,临街 可明火 上水 下水,130 ㎡,1.23,25.062829,102.712576
275,https://km.58.com/shangpu/41681200530719x.shtml,昆明市盘龙区,世纪俊园,免租2个月 临街 上水 下水 外摆区,300 ㎡,1.67,25.064535,102.728873
276,https://km.58.com/shangpu/41495604638358x.shtml,昆明市盘龙区,金色大道,免租1个月 临街 上水 下水 380V,126 ㎡,6.35,25.088499,102.737567
277,https://km.58.com/shangpu/41735270515217x.shtml,昆明市盘龙区,葡萄街区天宇花园,临街 上水 下水,180 ㎡,1.6,25.068494,102.72241
278,https://km.58.com/shangpu/40676854052889x.shtml,昆明市盘龙区,金江小区·旭苑,可明火 上水 下水,245 ㎡,1.09,25.105411,102.749629
279,https://km.58.com/shangpu/40709398055301x.shtml,昆明市盘龙区,金实小区,免租1个月 临街 可餐饮 上水 下水,295 ㎡,2.82,24.669086,102.607352
280,https://km.58.com/shangpu/41492177187999x.shtml,昆明市盘龙区,忠明路/金华路(路口),免租3个月 临街 上水 下水 380V,397 ㎡,70.0,25.068663,102.728963
281,https://km.58.com/shangpu/41607053499686x.shtml,昆明市盘龙区,桃源雅居,临街 可餐饮 上水 下水,110 ㎡,2.42,25.05,102.723512
282,https://km.58.com/shangpu/40421261933092x.shtml,昆明市盘龙区,江东商业街,临街 可餐饮 可明火 上水,114 ㎡,6.5,25.090959,102.746204
283,https://km.58.com/shangpu/41558154629792x.shtml,昆明市盘龙区,北辰财富中心,免租1个月 临街 可明火 上水 下水,142 ㎡,6.85,25.088078,102.74071
284,https://km.58.com/shangpu/41607066726787x.shtml,昆明市盘龙区,志强路/白云路(路口),临街 上水 下水,200 ㎡,6.0,25.072961,102.727358
285,https://km.58.com/shangpu/41715011312001x.shtml,昆明市盘龙区,世纪俊园,免租1个月 临街 上水 下水,260 ㎡,1.83,25.064535,102.728873
286,https://km.58.com/shangpu/41625459538182x.shtml,昆明市盘龙区,葡萄街区天宇花园,免租1个月 临街 上水 下水 外摆区,180 ㎡,1.67,25.068494,102.72241
287,https://km.58.com/shangpu/41638061997974x.shtml,昆明市盘龙区,桃源街,临街 上水 下水 380V,110 ㎡,2.42,25.050372,102.723314
288,https://km.58.com/shangpu/41614063464465x.shtml,昆明市盘龙区,金洲湾蓝屿,临街 上水 下水,397 ㎡,1.96,25.067353,102.727354
289,https://km.58.com/shangpu/41701452208926x.shtml,昆明市盘龙区,星雅俊园-地下车库停车场,临街 上水 下水,375 ㎡,2.17,25.066882,102.728569
290,https://km.58.com/shangpu/41638087337994x.shtml,昆明市盘龙区,金洲湾·蓝屿-A区,临街 上水 下水 380V,393 ㎡,2.12,25.069244,102.725728
291,https://km.58.com/shangpu/41625522590755x.shtml,昆明市盘龙区,葡萄街区天宇花园,免租1个月 临街 可餐饮 可明火 上水,255 ㎡,2.67,25.068494,102.72241
292,https://km.58.com/shangpu/41670015505283x.shtml,昆明市盘龙区,温馨家园,免租1个月 临街 可餐饮 可明火 上水,258 ㎡,2.6,25.089885,102.737702
293,https://km.58.com/shangpu/41704263761153x.shtml,昆明市盘龙区,金江小区,临街 下水,400 ㎡,4.0,25.102324,102.745521
294,https://km.58.com/shangpu/41690463022737x.shtml,昆明市盘龙区,江东商业街,临街 上水 下水 外摆区,115 ㎡,5.0,25.090959,102.746204
295,https://km.58.com/shangpu/41723940585987x.shtml,昆明市盘龙区,水乡路/金色大道(路口),临街 可明火 上水 下水,224 ㎡,2.48,25.091052,102.734433
296,https://km.58.com/shangpu/41669723605908x.shtml,昆明市盘龙区,金江小区,临街 上水 下水 外摆区,253 ㎡,1.84,25.102324,102.745521
297,https://km.58.com/shangpu/41736315531683x.shtml,昆明市盘龙区,金秋路,免租1个月 临街 可餐饮,296 ㎡,2.65,25.081214,102.737832
298,https://km.58.com/shangpu/41292006100739x.shtml,昆明市盘龙区,晨光大道,免租1个月 临街 下水,300 ㎡,1.44,25.08166,102.753957
299,https://km.58.com/shangpu/41632861229212x.shtml,昆明市盘龙区,俊发中心,临街,400 ㎡,3.5,25.069803,102.72998
300,https://km.58.com/shangpu/41596592451076x.shtml,昆明市盘龙区,金江小区·云苑,临街 可餐饮 上水 下水,300 ㎡,3.0,25.108482,102.750844
301,https://km.58.com/shangpu/41613567588004x.shtml,昆明市盘龙区,官城·四季花语,临街 可明火 上水 下水,220 ㎡,1.21,25.078675,102.746814
302,https://km.58.com/shangpu/41141329008659x.shtml,昆明市盘龙区,滨江俊园-二期,临街 上水 下水,143 ㎡,550.12,25.07286,102.723864
303,https://km.58.com/shangpu/41537819957400x.shtml,昆明市盘龙区,万宏路,临街 可餐饮 可明火 上水,260 ㎡,2.28,25.066041,102.732124
304,https://km.58.com/shangpu/41572964589086x.shtml,昆明市盘龙区,金江路,免租2个月 临街 可明火 上水 下水,136 ㎡,0.98,25.073402,102.73833
305,https://km.58.com/shangpu/40135298228101x.shtml,昆明市盘龙区,穿心鼓楼,临街 上水 下水,150 ㎡,6.67,25.054989,102.726765
306,https://km.58.com/shangpu/41569165041425x.shtml,昆明市盘龙区,环城东路123号,免租3个月 临街 下水,100 ㎡,4.0,25.053339,102.736796
307,https://km.58.com/shangpu/41294425999626x.shtml,昆明市盘龙区,万宏国际,临街 上水 下水,130 ㎡,3.33,25.065046,102.732483
308,https://km.58.com/shangpu/41559612200211x.shtml,昆明市盘龙区,枫蓝国际-东北门,免租1个月 临街 上水 下水 380V,210 ㎡,2.38,25.06464,102.747177
309,https://km.58.com/shangpu/41559371172251x.shtml,昆明市盘龙区,北辰小区茶花苑,临街 可餐饮 可明火 上水,189 ㎡,1.76,25.087573,102.742623
310,https://km.58.com/shangpu/41552055985442x.shtml,昆明市盘龙区,小麦溪,临街 可餐饮 可明火,150 ㎡,0.44,25.124958,102.731963
311,https://km.58.com/shangpu/41304611924244x.shtml,昆明市盘龙区,星耀手机城(环城东路店),免租1个月 临街 可餐饮 可明火 上水,240 ㎡,5.0,25.047474,102.739569
312,https://km.58.com/shangpu/41546740552226x.shtml,昆明市盘龙区,长青路,临街 上水 下水,120 ㎡,3.06,25.068939,102.721388
313,https://km.58.com/shangpu/41546735769123x.shtml,昆明市盘龙区,滨江俊园,免租1个月 临街 上水 下水 380V,240 ㎡,1.74,25.068376,102.721324
314,https://km.58.com/shangpu/41541906167962x.shtml,昆明市盘龙区,祥泰园美食广场,临街 可餐饮 可明火 外摆区,165 ㎡,1.83,25.048129,102.763452
315,https://km.58.com/shangpu/41538010472459x.shtml,昆明市盘龙区,新华图书城(人民东路店),临街,100 ㎡,26.67,25.049345,102.727087
316,https://km.58.com/shangpu/41528006564513x.shtml,昆明市盘龙区,金江小区,免租1个月 临街 可餐饮 可明火 上水,143 ㎡,6.8,25.102324,102.745521
317,https://km.58.com/shangpu/41526317794705x.shtml,昆明市盘龙区,龙泉花园大厂村,可餐饮,170 ㎡,2.35,25.068738,102.732541
318,https://km.58.com/shangpu/41516261142045x.shtml,昆明市盘龙区,晨光大道-4幢,免租1个月 临街 可餐饮 上水 下水,142 ㎡,2.42,25.081509,102.753383
319,https://km.58.com/shangpu/41507652043539x.shtml,昆明市盘龙区,葵花公社,免租1个月 临街 可餐饮 可明火 下水,150 ㎡,2.22,25.080728,102.726075
320,https://km.58.com/shangpu/41504398238229x.shtml,昆明市盘龙区,羊场村地铁站(红园路),免租1个月 临街 可明火 上水 下水,400 ㎡,4.0,25.107748,102.747265
321,https://km.58.com/shangpu/41493910744993x.shtml,昆明市盘龙区,白云路与新春巷交叉口,临街 可餐饮 上水 下水,109 ㎡,2.02,25.06148,102.745553
322,https://km.58.com/shangpu/41481118530689x.shtml,昆明市盘龙区,金江小区,免租1个月 临街 可餐饮 可明火 上水,120 ㎡,2.22,25.102324,102.745521
323,https://km.58.com/shangpu/41309440223656x.shtml,昆明市盘龙区,梅香园,上水 下水 外摆区,106.48 ㎡,1.25,25.091469,102.745489
324,https://km.58.com/shangpu/41460165924358x.shtml,昆明市盘龙区,时光俊园-3幢,免租1个月 临街 可餐饮 上水 下水,279 ㎡,4.78,25.06806,102.729432
325,https://km.58.com/shangpu/41395697639079x.shtml,昆明市盘龙区,金星路,临街 可明火 上水 下水,126 ㎡,1.98,25.075473,102.732495
326,https://km.58.com/shangpu/41436856132994x.shtml,昆明市盘龙区,迪兴雅苑西园,临街 上水 下水,120 ㎡,1.39,25.059694,102.771476
327,https://km.58.com/shangpu/41428163691018x.shtml,昆明市盘龙区,SOHO俊园,临街 可餐饮 可明火 380V,220 ㎡,4.55,25.066021,102.729135
328,https://km.58.com/shangpu/41416606847780x.shtml,昆明市盘龙区,利思培训学校,临街 上水 下水,300 ㎡,2.22,25.059391,102.747773
329,https://km.58.com/shangpu/40532960543269x.shtml,昆明市盘龙区,金江小区·云苑-南门,临街 可明火 上水 下水,230 ㎡,2.46,25.107232,102.75034
330,https://km.58.com/shangpu/40888695255711x.shtml,昆明市盘龙区,C86山茶坊,临街,100 ㎡,2.67,25.046115,102.734435
331,https://km.58.com/shangpu/41383086294039x.shtml,昆明市盘龙区,环城东路,临街 上水,113 ㎡,8.85,25.036645,102.742202
332,https://km.58.com/shangpu/40840620968970x.shtml,昆明市盘龙区,江东丽景园-游泳池西南门,临街 上水 下水,126 ㎡,91.0,25.082129,102.746729
333,https://km.58.com/shangpu/41361863876776x.shtml,昆明市盘龙区,联盟路,临街 可餐饮 可明火 上水,110 ㎡,5.45,25.064482,102.731597
334,https://km.58.com/shangpu/41348784066308x.shtml,昆明市盘龙区,溪畔丽景-9栋,免租1个月 临街,120 ㎡,1.5,25.07653,102.742457
335,https://km.58.com/shangpu/41307091571090x.shtml,昆明市盘龙区,云南映像,免租1个月 临街 上水 外摆区,200 ㎡,0.83,25.026306,102.728425
336,https://km.58.com/shangpu/41012151851269x.shtml,昆明市盘龙区,白云路/盘江东路(路口),临街 可餐饮 可明火 上水,110 ㎡,0.91,25.074381,102.720817
337,https://km.58.com/shangpu/41265010219408x.shtml,昆明市盘龙区,官城·四季花语,临街 可明火,200 ㎡,1.42,25.078675,102.746814
338,https://km.58.com/shangpu/41262195753865x.shtml,昆明市盘龙区,云南印象主题文化小区,临街 上水 下水,180 ㎡,1.85,25.090567,102.756361
339,https://km.58.com/shangpu/41253567163544x.shtml,昆明市盘龙区,滨江俊发广场,临街 可餐饮 可明火 上水,180 ㎡,1.85,25.073134,102.723429
340,https://km.58.com/shangpu/41251146705039x.shtml,昆明市盘龙区,环城东路与人民东路交叉口,免租1个月 临街 可餐饮 380V,300 ㎡,2.67,25.050145,102.738988
341,https://km.58.com/shangpu/41247525948578x.shtml,昆明市盘龙区,碧桂园云南映像(碧桂湾小区),免租1个月 临街 上水 下水,138 ㎡,2.51,25.090567,102.756361
342,https://km.58.com/shangpu/41240418840978x.shtml,昆明市盘龙区,金星小区-西门,免租1个月 上水 下水 380V,120 ㎡,2.22,25.075334,102.731798
343,https://km.58.com/shangpu/41175048883073x.shtml,昆明市盘龙区,金星小区-西门,免租1个月 380V 外摆区,120 ㎡,2.22,25.075334,102.731798
344,https://km.58.com/shangpu/40716382684450x.shtml,昆明市盘龙区,青松路,临街 上水 下水 380V,180 ㎡,1.23,25.151597,102.746937
345,https://km.58.com/shangpu/41061100308519x.shtml,昆明市盘龙区,金泉小区,免租1个月 临街 上水 下水,231 ㎡,70.0,25.08885,102.733391
346,https://km.58.com/shangpu/40895019252865x.shtml,昆明市盘龙区,煤机总厂,临街 可餐饮 可明火 上水,216 ㎡,1.16,25.075188,102.749386
347,https://km.58.com/shangpu/40839714902288x.shtml,昆明市盘龙区,金星小区-西门,临街 外摆区,400 ㎡,1.67,25.075334,102.731798
348,https://km.58.com/shangpu/40787646834979x.shtml,昆明市盘龙区,金星小区,免租1个月 临街 上水 下水,300 ㎡,5.56,25.074702,102.735377
349,https://km.58.com/shangpu/40478405768718x.shtml,昆明市盘龙区,小坝路,免租1个月 临街 可餐饮 可明火 上水,115 ㎡,5.1,25.072786,102.741605
350,https://km.58.com/shangpu/40478861864071x.shtml,昆明市盘龙区,江东综合农贸市场,临街 可餐饮 可明火 外摆区,350 ㎡,0.48,25.090184,102.746908
351,https://km.58.com/shangpu/40744351294485x.shtml,昆明市盘龙区,小龙路/白龙路(路口),临街 可餐饮 可明火 上水,170 ㎡,0.98,25.056193,102.739827
352,https://km.58.com/shangpu/40775554764426x.shtml,昆明市盘龙区,新城香溢华庭,免租1个月 临街 上水 380V,205 ㎡,0.81,36.737352,117.13859
353,https://km.58.com/shangpu/40755351143573x.shtml,昆明市盘龙区,青松路,临街 可餐饮 可明火,300 ㎡,0.54,25.151597,102.746937
354,https://km.58.com/shangpu/40722081897251x.shtml,昆明市盘龙区,金康园-2号门,临街 可餐饮 可明火 380V,300 ㎡,4.44,25.076496,102.728689
355,https://km.58.com/shangpu/40818478808092x.shtml,昆明市盘龙区,迎溪村,临街 可餐饮 上水 下水,100 ㎡,1.83,25.058094,102.75384
356,https://km.58.com/shangpu/41528222085512x.shtml,昆明市盘龙区,艾诗林根,临街,260 ㎡,1.92,25.095145,102.74093
357,https://km.58.com/shangpu/41462975374856x.shtml,昆明市盘龙区,石闸立交桥(二环东路),免租1个月 临街,200 ㎡,0.01,25.057325,102.750938
358,https://km.58.com/shangpu/41569091020047x.shtml,昆明市盘龙区,环城东路123号,免租3个月 临街 上水 下水,100 ㎡,4.0,25.053339,102.736796
359,https://km.58.com/shangpu/40819201227805x.shtml,昆明市盘龙区,蔼禾小馆,免租1个月 临街 可餐饮 可明火 下水,170 ㎡,1.8,25.091261,102.757285
360,https://km.58.com/shangpu/41439298648860x.shtml,昆明市盘龙区,金江小区熙苑-1号门,免租1个月 临街 可餐饮 可明火 上水,120 ㎡,2.43,25.101745,102.745925
361,https://km.58.com/shangpu/41285946855067x.shtml,昆明市盘龙区,晨光大道,免租1个月 临街 下水,350 ㎡,1.24,25.08166,102.753957
362,https://km.58.com/shangpu/41172481390471x.shtml,昆明市盘龙区,蔼禾小馆,免租1个月 临街 可餐饮 可明火 上水,170 ㎡,1.8,25.091261,102.757285
363,https://km.58.com/shangpu/41285845122573x.shtml,昆明市盘龙区,晨光大道,免租1个月 临街 下水,350 ㎡,1.24,25.08166,102.753957
364,https://km.58.com/shangpu/41527353840649x.shtml,昆明市盘龙区,蔼禾小馆,免租1个月 临街 可餐饮 可明火 上水,170 ㎡,1.8,25.091261,102.757285
365,https://km.58.com/shangpu/41662412145949x.shtml?legourl=//legoclick.58.com/jump?target=szqoUi3draOWUvYf0v66UhIkIitYnHmvnWEQnWDYPHbYrg980v6YUykKuad-P1EzPHRbnBYdnAmvsHEvPAcVmyDYnidbP16Buj0vuHT3n1EKPHDzPj9QP1ckP19QPTDKnHEQnj0YP1TLnHnzn1DYn9DQPH9knTDQPH9knTDQsjDdTHDvnikQPH93THDdrjmkP1TdPHDznH0KnE7AEzdEEzL--mUb8Fo-Msjb8Jxb8sf-BFxCCpWGCUg--mUGbeCfOOixOCi5lsv_l2lGTHDKnEDKsHDKTHDzPjm1n1T3rHm3PWbYrH93rjTKP97kmgF6UgnznjnlniQVpy78ihblnHTkg1EknTDQTHn3PWw-mvuhsHbOnADVPjmvnzYOuH0OsycQmvE3mhP6PWNdm9DQnWEvn1nkrjbvrH9vrHnOn1bzTHDzPjm1n1T3rHmOn1cYnWNLnWbKTEDKTEDVTEDKpZwY0ZnlszqoUi3draOWUvYfILRCIyDf0v66UhIkIyPlsLK8nit4UhRLNvR60hPC5HDhmgF-mHYQnjKxPjTkFMPQ5HDhEvQGmvVFwjYQTyN3PLFpUju2u19dUztz0b72EyIfEy0KnHE8nWTYsWDdPB3QnTDVnEDkTEDQsjDdTgVqTHDknjnYTHDknjDdnHEKnHnQnj-WnAnVmhDkriYYm1nzsycvn1TVnyE1mhmQmWPWuyF6TEDkTEDKnTDQPWD_nHN3rakQnHb3rEDzTHPbuHEkrHPbmynYnWTkmyc&referinfo=true&utm_source=&spm=&product=jingxuan,昆明市五华区,南屏街/青年路(路口),免租1个月 临街 可餐饮 上水 下水,172 ㎡,7.6,25.044323,102.721392
366,https://km.58.com/shangpu/41703269015047x.shtml?legourl=//legoclick.58.com/jump?target=szqoUi3draOWUvYf0v66UhIkIitYnH0kn1cvrHTQPHTYPL980v6YUykKuad-P1EzPHRbnBYdnAmvsHEvPAcVmyDYnidbP16Buj0vuHT3n1EKPj9LPWcYrjb3nWcOrH9KTHDYnHNOP1mLPjbOPWE1njTKnHcOnjTKnHcOnjTKnikQPEDQPWD_nHN3rTDQPH9vnj0kPHNQnWDLTHcKwbnVNDnVOuyAOsBpOuzkOsJMOsBeOmBgl2AClpAdOuyAlurlsSXNMSpDWSBqorB8JEDQTHDKTiYQTEDQnWEdPWbvnjEvP10vrHbdrjEkTHmK0A7zmyd1nWT1rWD_Uy-6UbGGrWDkn7tYnjTKnE7BrH0Lrj6huBdhuHmvsHEQP1TVmWKhPBYQm16-nWckrHTdmvNKnHcYPHmOPWTYPW9Orjm1njmdPkDQnWEdPWbvnjEvrjE3nW9vP1czTEDKTEDKsEDKTy6YIZK1rBtfpvY8PH98mvqVsLIdpZR6sLPCmyOM0ZRWXBqkUWDf5vO-IdP-mgFWpjYQFh7zuyDqnHTkg1Eknau10HYQFbP_pyPoiNEqnE7-rjIzyhkvih03PytfnMFKib7MUY7MTHDYsWckPa3QPHm8nHTKsHDKnTDKnikQPE7exEDQnjT1PTDQnjTQPHDYTyN1mH6hnjP6syDduHDVPAmOPiYOPvnQsHbQP1bQrj91n19vuEDKnTDKTHTKnHmQsjDdrj9_nHDOrj9Kn9DLP1bvPH9zmyPWrj93n1mk&referinfo=true&utm_source=&spm=&product=jingxuan,昆明市五华区,荷塘月色,临街 可餐饮 上水 下水,150 ㎡,3.0,25.099144,102.728528
367,https://km.58.com/shangpu/40797895909512x.shtml?legourl=//legoclick.58.com/jump?target=szqoUi3draOWUvYf0v66UhIkIitYnj0OP19OPHbkrHNQnM980v6YUykKuad-P1EzPHRbnBYdnAmvsHEvPAcVmyDYnidbP16Buj0vuHT3n1EKPHNdnWb3n1TdnWNLnHEKTHD1njTkrj9OrHcQnHnvP1NKnHcOnjTKnHcOnjTKnikQPEDQPWD_nHN3rTDQPH9vnj0kPHNQnWDLTHnKwbnVNDnVOuyAOsBpOuzkOsJMOsBeOmBgl2AClpAdOuyAlurlsSXNMSpDWSBqorB8JEDQTHDKTiYQTEDQnWE1n1E3PjTvrjE3PjmzrjE3THmK0A7zmyd1nWT1rWD_Uy-6UbGGrWDkn7tYnjTKnE7-nWN3uWKhnzdbnAcOsHEkP1EVmyEkuBYOrAPhmWFbnWEknhDKnHcYn1nYrjEkPWbLrjE3PWcLn9DQnWE1n1E3PjTvrj9vnWc1rj0zTEDKTEDKsEDKTy6YIZK1rBtfpvY8PH98mvqVsLIdpZR6sLPCmyOM0ZRWXBqkUWDf5vO-IdP-mgFWpjYQFh7zuyDqnHTkg1Eknau10HYQFbP_pyPoiNEqnE7-rjIzyhkvih03PytfnMFKib7MUY7MTHDYsWckPa3QPHm8nHTKsHDKnTDKnikQPE7exEDQnjT1PTDQnjTQPHDYTHDzPv7hmHNQsHFhn1TVPjw-nzd6mHFhsHmdrHwBrjTvnjKbmkDKnTDKTHTKnHmQsjDdrj9_nHDOrj9Kn97BPW0zrjFhPju-PHmYuymk&referinfo=true&utm_source=&spm=&product=jingxuan,昆明市五华区,荷塘月色,免租1个月 临街,204 ㎡,90.0,25.099144,102.728528
368,https://short.58.com/zd_p/a6d004dd-5f8b-40e3-b810-ceb58a53b0d5/?target=tk-16-xgk_femobwv_57956043036720q-feykn&end=end&lego_ts=nHTksAEVmWE1nHNYnyNVmW0dPiYYPjPbsH66Pj0VnjI-nWbYuAuBm1RBsjEQPWE3P1TzP1c3nHbL&product=zhiding,昆明市五华区,华尔贝大厦,免租1个月 临街 可明火 上水 下水,172 ㎡,7.33,25.042803,102.721908
369,https://short.58.com/zd_p/e4dceba7-67a7-4110-aa4d-a0e00a3855c7/?target=tk-16-xgk_femobwv_57980321608282q-feykn&end=end&lego_ts=nHTksAEVmWE1nHNYnyNVmW0dPiYYPjPbsH66Pj0VnjI-nWbYuAuBm1RBsjEQPWnLnWbdrj01rHnO&product=zhiding,昆明市五华区,园西路,临街 可明火 上水 下水,190 ㎡,2.81,25.062829,102.712576
370,https://km.58.com/shangpu/40198600460582x.shtml,昆明市五华区,中环金界,免租1个月 临街 上水,300 ㎡,1.83,25.05419,102.686716
371,https://km.58.com/shangpu/41396039601829x.shtml,昆明市五华区,花园商场(青年路店),免租1个月 临街 可餐饮 上水 下水,118 ㎡,16.48,25.046078,102.722736
372,https://km.58.com/shangpu/41526966721671x.shtml,昆明市五华区,春之城综合市场-北门,临街 上水 下水,100 ㎡,4.5,25.101036,102.740513
373,https://km.58.com/shangpu/40764787644557x.shtml,昆明市五华区,融城.昆明湖,临街 可明火 上水 下水,212 ㎡,1.57,25.134721,102.767052
374,https://km.58.com/shangpu/40422468929694x.shtml,昆明市五华区,江东耀龙康城,临街 可明火 上水 下水,180 ㎡,3.33,25.104767,102.736674
375,https://km.58.com/shangpu/39835494561924x.shtml,昆明市五华区,西城时代西城中心-A座,可餐饮 可明火 上水 下水,130 ㎡,4.62,25.071275,102.659433
376,https://km.58.com/shangpu/41570901780510x.shtml,昆明市五华区,戛纳小镇-A座,临街 可餐饮,230.8 ㎡,2.0,25.06775,102.67002
377,https://km.58.com/shangpu/41625700113411x.shtml,昆明市五华区,中铁云时代广场营销中心,免租1个月 临街 上水 下水 外摆区,370 ㎡,5.0,25.092974,102.667103
378,https://km.58.com/shangpu/41679761492612x.shtml,昆明市五华区,宝善街与青年路交叉口,免租1个月 临街 上水 下水 380V,172.54 ㎡,7.33,25.042367,102.722896
379,https://km.58.com/shangpu/41735651138718x.shtml,昆明市五华区,金实西区仿江南水乡-东门,免租1个月 临街 可餐饮 上水 下水,225 ㎡,2.47,25.094529,102.737092
380,https://km.58.com/shangpu/41438411759375x.shtml,昆明市五华区,金泰国际2期凯佩广场,临街 可餐饮 可明火 上水,330 ㎡,3.5,25.070087,102.676072
381,https://km.58.com/shangpu/41648693037606x.shtml,昆明市五华区,云康园,临街 可餐饮,214 ㎡,2.2,25.098277,102.731009
382,https://km.58.com/shangpu/41592260317698x.shtml,昆明市五华区,和谐世纪D幢,免租1个月 临街 可明火 上水 下水,333.56 ㎡,2.0,25.108796,102.737969
383,https://km.58.com/shangpu/41558442886295x.shtml,昆明市五华区,俊园,免租1个月 临街 上水 下水,100 ㎡,4.33,25.058502,102.712089
384,https://km.58.com/shangpu/41613821975712x.shtml,昆明市五华区,荷塘月色,免租1个月 临街 可明火 上水 下水,147 ㎡,3.17,25.099144,102.728528
385,https://km.58.com/shangpu/41636919657236x.shtml,昆明市五华区,园西路,临街 可明火 上水 下水,130 ㎡,1.23,25.062829,102.712576
386,https://km.58.com/shangpu/40407308180127x.shtml,昆明市五华区,月牙塘小区-北门,临街 上水 下水 380V,200 ㎡,1.17,25.102845,102.735293
387,https://km.58.com/shangpu/41672639730690x.shtml,昆明市五华区,书香门第,临街 上水 下水,320 ㎡,3.91,25.112521,102.739286
388,https://km.58.com/shangpu/40595086693023x.shtml,昆明市五华区,荷塘月色,免租1个月 临街 可餐饮,204 ㎡,2.94,25.099144,102.728528
389,https://km.58.com/shangpu/41558398757252x.shtml,昆明市五华区,小吉坡小区,免租1个月 临街 上水 下水 外摆区,125 ㎡,4.53,25.057745,102.708793
390,https://km.58.com/shangpu/41713164162205x.shtml,昆明市五华区,云康园,免租1个月 临街 可明火 上水 下水,214 ㎡,2.49,25.098277,102.731009
391,https://km.58.com/shangpu/41614904534180x.shtml,昆明市五华区,新西南,临街 上水 下水,120 ㎡,12.5,25.048001,102.720935
392,https://km.58.com/shangpu/40444844622867x.shtml,昆明市五华区,泰旸新城,免租1个月 临街 可明火,217 ㎡,4.15,25.084049,102.721203
393,https://km.58.com/shangpu/41703269015047x.shtml,昆明市五华区,荷塘月色,临街 可餐饮 上水 下水,150 ㎡,3.0,25.099144,102.728528
394,https://km.58.com/shangpu/41549798275851x.shtml,昆明市五华区,志远大厦,免租1个月 临街 可明火 上水 下水,172 ㎡,6.78,25.042678,102.723216
395,https://km.58.com/shangpu/41669677441681x.shtml,昆明市五华区,世纪广场,免租1个月 临街 可餐饮 可明火 上水,180 ㎡,6.67,25.044088,102.718569
396,https://km.58.com/shangpu/41635688540321x.shtml,昆明市五华区,北市区车场,免租1个月 临街 380V 外摆区,151 ㎡,15.23,25.104213,102.733688
397,https://km.58.com/shangpu/40808655012758x.shtml,昆明市五华区,江东小康城,免租1个月 临街 上水 下水 380V,152 ㎡,83.0,25.104132,102.741253
398,https://km.58.com/shangpu/41704221321761x.shtml,昆明市五华区,戛纳小镇,临街 上水 下水 外摆区,138 ㎡,2.42,25.068726,102.670337
399,https://km.58.com/shangpu/41693868938659x.shtml,昆明市五华区,江东小康城,免租1个月 临街 可餐饮 可明火 上水,110 ㎡,3.03,25.104132,102.741253
400,https://km.58.com/shangpu/41638038658449x.shtml,昆明市五华区,正义坊美食广场(正义坊购物中心店),临街 可餐饮 上水 下水,330 ㎡,9.33,25.047842,102.715908
401,https://km.58.com/shangpu/41704718069532x.shtml,昆明市五华区,春城慧谷小区-B区,免租1个月 临街 上水 下水,198 ㎡,3.33,25.090388,102.64929
402,https://km.58.com/shangpu/41546821080449x.shtml,昆明市五华区,志远大厦,免租1个月 临街 可明火 上水 下水,172.54 ㎡,6.7,25.042678,102.723216
403,https://km.58.com/shangpu/41713707458838x.shtml,昆明市五华区,荷塘月色,免租1个月 临街 可餐饮 可明火 上水,100 ㎡,3.33,25.099144,102.728528
404,https://km.58.com/shangpu/41704623264799x.shtml,昆明市五华区,春城慧谷小区,免租1个月 临街 上水 下水 外摆区,228 ㎡,4.0,25.090258,102.651385
405,https://km.58.com/shangpu/41525018526100x.shtml,昆明市五华区,国福现代城,免租3个月 临街 可餐饮 可明火 上水,147 ㎡,233.33,25.115786,102.743155
406,https://km.58.com/shangpu/41613951640868x.shtml,昆明市五华区,泰旸新城,免租1个月 临街 可明火 上水 下水,100 ㎡,4.0,25.084049,102.721203
407,https://km.58.com/shangpu/41662412145949x.shtml,昆明市五华区,南屏街/青年路(路口),免租1个月 临街 可餐饮 上水 下水,172 ㎡,7.6,25.044323,102.721392
408,https://km.58.com/shangpu/41701284160143x.shtml,昆明市五华区,江东小康城-7号门,免租1个月 临街 上水 下水 380V,156 ㎡,1.97,25.106175,102.74028
409,https://km.58.com/shangpu/39812452789658x.shtml,昆明市五华区,俊园,免租1个月 临街 上水 下水 外摆区,366 ㎡,3.64,25.058502,102.712089
410,https://km.58.com/shangpu/41717432771853x.shtml,昆明市五华区,云康园,临街 上水 下水 外摆区,222 ㎡,2.25,25.098277,102.731009
411,https://km.58.com/shangpu/41546721539338x.shtml,昆明市五华区,青年路,免租1个月 临街 可餐饮 可明火 上水,174 ㎡,6.67,25.040006,102.72319
412,https://km.58.com/shangpu/41657054981514x.shtml,昆明市五华区,北京路221号,临街 可明火 上水 下水,280 ㎡,2.98,25.033713,102.727172
413,https://km.58.com/shangpu/41547005036945x.shtml,昆明市五华区,青年路/宝善街(路口),免租1个月 临街 可明火 上水 下水,173 ㎡,6.74,25.042367,102.722896
414,https://km.58.com/shangpu/41701113125669x.shtml,昆明市五华区,联想科技城,免租6个月 临街 可明火 上水 下水,252 ㎡,1.33,25.089753,102.665721
415,https://km.58.com/shangpu/41724183310210x.shtml,昆明市五华区,华尔贝大厦,免租1个月 临街 可明火 上水 下水,172 ㎡,6.78,25.042803,102.721908
416,https://km.58.com/shangpu/41613917468929x.shtml,昆明市五华区,泰旸新城,免租1个月 临街 可明火 上水 下水,216 ㎡,4.01,25.084049,102.721203
417,https://km.58.com/shangpu/41546828754576x.shtml,昆明市五华区,宝善街与青年路交叉口,免租1个月 临街 可明火 上水 下水,173 ㎡,6.74,25.042367,102.722896
418,https://km.58.com/shangpu/41690185940609x.shtml,昆明市五华区,昆明公交集团第五公司,免租1个月 临街 上水 下水,110 ㎡,15.4,25.050152,102.703166
419,https://km.58.com/shangpu/40275673373838x.shtml,昆明市五华区,经典双城,免租1个月 临街 上水 下水 380V,259 ㎡,25.0,25.054778,102.670721
420,https://km.58.com/shangpu/41704286849694x.shtml,昆明市五华区,戛纳小镇,临街 可明火 上水 下水,231 ㎡,2.0,25.068726,102.670337
421,https://km.58.com/shangpu/41372376292114x.shtml,昆明市五华区,新闻路437号,免租1个月 临街 可餐饮 可明火 上水,300 ㎡,3.0,25.039999,102.694964
422,https://km.58.com/shangpu/40276908781469x.shtml,昆明市五华区,龙泉路544号,免租1个月 临街 可餐饮 可明火 上水,130 ㎡,1.82,25.114799,102.729375
423,https://km.58.com/shangpu/41637053056136x.shtml,昆明市五华区,园西路,临街 可明火 上水 下水,130 ㎡,1.23,25.062829,102.712576
424,https://km.58.com/shangpu/40797895909512x.shtml,昆明市五华区,荷塘月色,免租1个月 临街,204 ㎡,90.0,25.099144,102.728528
425,https://km.58.com/shangpu/41558353927812x.shtml,昆明市五华区,小吉坡小区,免租1个月 临街 外摆区,110 ㎡,4.55,25.057745,102.708793
426,https://km.58.com/shangpu/41637321531395x.shtml,昆明市五华区,园西路,临街 可明火 上水 下水,190 ㎡,2.81,25.062829,102.712576
427,https://km.58.com/shangpu/41526918015496x.shtml,昆明市五华区,宝善街与青年路交叉口,临街 上水 下水 380V,172.54 ㎡,7.33,25.042367,102.722896
428,https://km.58.com/shangpu/41601719475090x.shtml,昆明市五华区,戛纳小镇,临街 下水,230.8 ㎡,1.56,25.068726,102.670337
429,https://km.58.com/shangpu/41636978909196x.shtml,昆明市五华区,园西路,临街 可明火 上水 下水,130 ㎡,1.23,25.062829,102.712576
430,https://km.58.com/shangpu/41558297175459x.shtml,昆明市五华区,小吉坡小区,免租1个月 临街 上水 下水 外摆区,235 ㎡,4.26,25.057745,102.708793
431,https://km.58.com/shangpu/41637070673427x.shtml,昆明市五华区,园西路,临街 可明火 上水 下水,130 ㎡,1.23,25.062829,102.712576
432,https://km.58.com/shangpu/41637295873939x.shtml,昆明市五华区,园西路,临街 可明火 上水 下水,190 ㎡,2.81,25.062829,102.712576
433,https://km.58.com/shangpu/41636945109288x.shtml,昆明市五华区,园西路,临街 可明火 上水 下水,130 ㎡,1.23,25.062829,102.712576
434,https://km.58.com/shangpu/41693775501607x.shtml,昆明市五华区,厂口乡,临街 可明火,300 ㎡,0.44,25.26055,102.683822
435,https://km.58.com/shangpu/41736774085396x.shtml,昆明市五华区,人民西路,免租1个月 临街 可餐饮 可明火 上水,213 ㎡,2.74,25.050433,102.692395
436,https://km.58.com/shangpu/38807758401053x.shtml,昆明市五华区,经典双城,免租1个月 临街 上水 下水 外摆区,294 ㎡,1.93,25.054778,102.670721
437,https://km.58.com/shangpu/37643304884235x.shtml,昆明市五华区,金钻商务中心,免租1个月 临街 可餐饮 可明火 上水,192 ㎡,60.0,25.059397,102.664463
438,https://km.58.com/shangpu/41684097715350x.shtml,昆明市五华区,春之城,免租1个月 临街 上水 下水,370 ㎡,0.9,25.101007,102.740629
439,https://km.58.com/shangpu/41736339540626x.shtml,昆明市五华区,银河明珠,临街 下水,160 ㎡,1.25,25.107381,102.733641
440,https://km.58.com/shangpu/38776711722659x.shtml,昆明市五华区,经典双城-A区,免租1个月 临街 上水 下水 外摆区,294 ㎡,2.49,25.056848,102.670876
441,https://km.58.com/shangpu/40642702367625x.shtml,昆明市五华区,海伦中心2座,免租1个月 临街 可餐饮 下水,300 ㎡,0.89,25.073619,102.672952
442,https://km.58.com/shangpu/41706991912200x.shtml,昆明市五华区,富亿美超市,临街 可餐饮 上水 下水,150 ㎡,2.78,25.059181,102.686149
443,https://km.58.com/shangpu/41669482413222x.shtml,昆明市五华区,绿地星宸汇,免租3个月 临街 可明火 上水 下水,171.73 ㎡,0.03,25.100944,102.661128
444,https://km.58.com/shangpu/41690508959389x.shtml,昆明市五华区,志远大厦,免租1个月 临街 上水 下水 380V,243 ㎡,6.66,25.042678,102.723216
445,https://km.58.com/shangpu/41590225053473x.shtml,昆明市五华区,志远大厦,临街 上水 下水 380V,173 ㎡,6.66,25.042678,102.723216
446,https://km.58.com/shangpu/41557628246541x.shtml,昆明市五华区,志远大厦,临街 可餐饮 上水 下水,172.56 ㎡,6.66,25.042678,102.723216
447,https://km.58.com/shangpu/41670127637287x.shtml,昆明市五华区,志远大厦(宝善街),免租1个月 临街 可明火 上水 下水,170 ㎡,6.86,25.042678,102.723216
448,https://km.58.com/shangpu/41670089492882x.shtml,昆明市五华区,小花园(青年路),免租1个月 临街 可餐饮 可明火 上水,178 ㎡,6.55,25.049534,102.721966
449,https://km.58.com/shangpu/41713051761189x.shtml,昆明市五华区,国茶港,免租3个月 临街 下水,166 ㎡,1.81,25.092471,102.669258
450,https://km.58.com/shangpu/41704121317138x.shtml,昆明市五华区,黑林铺前街,临街 可餐饮 上水 下水,135 ㎡,0.96,25.068036,102.657738
451,https://nc.58.com/shangpu/39049223822339x.shtml,昆明市五华区,昆明湖观瀑布广场,临街 可明火 上水 下水,200 ㎡,2.83,25.133045,102.769338
452,https://km.58.com/shangpu/41671032513165x.shtml,昆明市五华区,海伦堡海伦中心,免租1个月 可餐饮 上水 下水,180 ㎡,1.48,25.073292,102.672554
453,https://km.58.com/shangpu/41538617585940x.shtml,昆明市五华区,黑林铺(黑林铺前街),临街 上水 下水 380V,175 ㎡,1.05,25.067866,102.656658
454,https://km.58.com/shangpu/41726580547972x.shtml,昆明市五华区,云南友友汽车服务有限公司,临街,270 ㎡,3.7,25.079221,102.676356
455,https://km.58.com/shangpu/41515720618765x.shtml,昆明市五华区,昆明中策装饰(集团),免租1个月 临街 可餐饮 可明火 上水,200 ㎡,5.83,25.044193,102.733481
456,https://km.58.com/shangpu/41618128782225x.shtml,昆明市五华区,黑林铺(黑林铺前街),临街 可餐饮 可明火 外摆区,140 ㎡,0.93,25.067866,102.656658
457,https://km.58.com/shangpu/41115259905051x.shtml,昆明市五华区,腾龙苑-北门,临街 上水 下水 380V,120.47 ㎡,2.77,25.064722,102.675621
458,https://km.58.com/shangpu/41724200876035x.shtml,昆明市五华区,振峰商业广场,免租4个月 临街 可餐饮,130 ㎡,1.34,25.094324,102.682716
459,https://km.58.com/shangpu/41027043164935x.shtml,昆明市五华区,泰旸新城,上水 下水,180 ㎡,0.93,25.084049,102.721203
460,https://km.58.com/shangpu/41713524326537x.shtml,昆明市五华区,金域蓝湾-2幢,临街 上水 下水,150 ㎡,2.22,25.107951,102.732723
461,https://km.58.com/shangpu/41670623707906x.shtml,昆明市五华区,泰旸新城,临街 可餐饮 可明火 上水,120 ㎡,0.97,25.084049,102.721203
462,https://km.58.com/shangpu/38804690697760x.shtml,昆明市五华区,金鹰国际购物中心(昆明店),可餐饮 可明火 上水 下水,400 ㎡,0.03,25.046666,102.720743
463,https://km.58.com/shangpu/41681547829158x.shtml,昆明市五华区,金域蓝湾-一期,临街 上水 下水,150 ㎡,2.22,25.1086,102.731976
464,https://km.58.com/shangpu/41513758845340x.shtml,昆明市五华区,融创春风十里写字楼,免租1个月 临街 上水 下水 380V,164 ㎡,1.0,25.090802,102.667865
465,https://km.58.com/shangpu/40899738859675x.shtml,昆明市五华区,文化巷,临街 可餐饮 可明火 上水,160 ㎡,4.58,25.060259,102.705224
466,https://km.58.com/shangpu/41706818256790x.shtml,昆明市五华区,小康大道,临街 上水 下水,160 ㎡,2.92,25.110054,102.740168
467,https://km.58.com/shangpu/39889351479452x.shtml,昆明市五华区,绿城春江明月,免租1个月 临街 上水 下水,161 ㎡,1.83,25.110432,102.74462
468,https://km.58.com/shangpu/40156486284061x.shtml,昆明市五华区,万科学府,临街 可餐饮 上水 下水,166 ㎡,3.44,25.069697,102.697273
469,https://km.58.com/shangpu/40454222721281x.shtml,昆明市五华区,荷塘月色,免租2个月 临街 可明火 上水 下水,150 ㎡,3.07,25.099144,102.728528
470,https://km.58.com/shangpu/39749813644567x.shtml,昆明市五华区,王筇路,免租1个月 临街 可明火 上水 下水,230 ㎡,0.94,25.095382,102.663488
471,https://km.58.com/shangpu/41408612260115x.shtml,昆明市五华区,昆明保利六合(人民西路),免租2个月 临街,199 ㎡,7.0,25.049871,102.690484
472,https://km.58.com/shangpu/41693012104077x.shtml,昆明市五华区,昆明走廊,临街 可餐饮 可明火 上水,120 ㎡,2.83,25.048247,102.720305
473,https://km.58.com/shangpu/41331171139980x.shtml,昆明市五华区,昆明联想科技城1期,免租1个月 可明火 上水 下水 外摆区,140 ㎡,1.1,25.090422,102.66664
474,https://km.58.com/shangpu/41627998428940x.shtml,昆明市五华区,中海·学府路8号停车场-出入口,免租1个月 临街 下水,100 ㎡,3.0,25.069037,102.713706
475,https://km.58.com/shangpu/40699396884007x.shtml,昆明市五华区,君莱脆皮蹄花火锅,临街 可餐饮,125 ㎡,0.67,25.117413,102.743286
476,https://km.58.com/shangpu/41394355433601x.shtml,昆明市五华区,871文化创意工场,临街 可明火 上水 下水,373.3 ㎡,0.64,25.140937,102.740927
477,https://km.58.com/shangpu/40783527432101x.shtml,昆明市五华区,如安街,临街 可餐饮 可明火 上水,110 ㎡,2.73,25.047598,102.711806
478,https://km.58.com/shangpu/41462418558611x.shtml,昆明市五华区,云康园,免租1个月 临街 上水 下水,243 ㎡,2.06,25.098277,102.731009
479,https://km.58.com/shangpu/41660878631060x.shtml,昆明市五华区,昆明走廊,临街 可餐饮 可明火 上水,120 ㎡,2.83,25.048247,102.720305
480,https://km.58.com/shangpu/41637722845063x.shtml,昆明市五华区,昆明市护国街道办,临街,300 ㎡,1.67,25.045007,102.719893
481,https://km.58.com/shangpu/41605017865874x.shtml,昆明市五华区,假日城市,免租1个月 临街 上水 下水,280 ㎡,4.05,25.066653,102.663301
482,https://km.58.com/shangpu/41638438652562x.shtml,昆明市五华区,人民中路与青年路交叉口,免租1个月 临街 上水 下水 380V,100 ㎡,13.33,25.04868,102.722035
483,https://km.58.com/shangpu/41593358076816x.shtml,昆明市五华区,经典双城-A区,临街 外摆区,122.5 ㎡,3.2,25.056848,102.670876
484,https://km.58.com/shangpu/41361559581329x.shtml,昆明市五华区,鑫益龙江雅苑-2栋,免租1个月 临街 上水 下水,165 ㎡,1.21,25.121891,102.752178
485,https://km.58.com/shangpu/41536981698706x.shtml,昆明市五华区,戎锦花园-东门,临街 上水 下水,110 ㎡,5.0,25.073198,102.707023
486,https://km.58.com/shangpu/41525769760899x.shtml,昆明市五华区,富亿美超市,免租1个月 临街 可餐饮 上水 下水,150 ㎡,2.78,25.059181,102.686149
487,https://km.58.com/shangpu/41512748609053x.shtml,昆明市五华区,桃园大村,临街 上水 下水 380V,120 ㎡,0.89,25.162264,102.697551
488,https://km.58.com/shangpu/41504620351635x.shtml,昆明市五华区,实力·玖如堂,免租1个月 临街 外摆区,104 ㎡,1.76,25.079001,102.708963
489,https://km.58.com/shangpu/41502976199970x.shtml,昆明市五华区,西城时代西城中心-A座,免租1个月 临街 可明火 上水 下水,170 ㎡,3.14,25.071275,102.659433
490,https://km.58.com/shangpu/41497851736350x.shtml,昆明市五华区,吾悦花街,临街 可餐饮,140.66 ㎡,3.03,25.095927,102.666097
491,https://km.58.com/shangpu/41492022898208x.shtml,昆明市五华区,融城.昆明湖,临街 可明火 上水 下水,212 ㎡,1.57,25.134721,102.767052
492,https://km.58.com/shangpu/41481757684609x.shtml,昆明市五华区,健之佳健康药房,免租1个月 临街 上水 下水,152 ㎡,2.85,25.015732,102.753143
493,https://km.58.com/shangpu/41472473686803x.shtml,昆明市五华区,崇仁街,临街 可餐饮 下水,180 ㎡,4.63,25.039594,102.71452
494,https://km.58.com/shangpu/41402803284629x.shtml,昆明市五华区,德润·朗悦湾-3号门,临街 可餐饮 上水 下水,398 ㎡,2.25,25.125559,102.750527
495,https://km.58.com/shangpu/40872076135572x.shtml,昆明市五华区,翠湖公园,临街 可餐饮 上水 下水,180 ㎡,2.78,25.054743,102.710169
496,https://km.58.com/shangpu/41448245369750x.shtml,昆明市五华区,建设路与学府路交叉口,免租2个月 临街 可餐饮 可明火 上水,300 ㎡,3.33,25.069847,102.699015
497,https://km.58.com/shangpu/41438445303838x.shtml,昆明市五华区,实力·玖如堂,免租1个月 临街 上水 下水 外摆区,105 ㎡,2.06,25.079001,102.708963
498,https://km.58.com/shangpu/41436504229003x.shtml,昆明市五华区,万彩城市花园二期,免租1个月 临街 上水 下水 外摆区,197 ㎡,2.37,25.0814,102.719217
499,https://km.58.com/shangpu/41437744784903x.shtml,昆明市五华区,西站旅社·宴会厅,临街 可餐饮 上水,200 ㎡,2.78,25.057974,102.695956
500,https://km.58.com/shangpu/40476392387481x.shtml,昆明市五华区,五华公安分局文林派出所,临街 上水 下水 380V,140 ㎡,5.95,25.058718,102.704761
501,https://km.58.com/shangpu/41375216074891x.shtml,昆明市五华区,威远街与正义路交叉口,临街,220 ㎡,5.3,25.045947,102.716218
502,https://km.58.com/shangpu/41398977320341x.shtml,昆明市五华区,云冶路,临街 可餐饮 可明火 上水,260 ㎡,1.28,25.092512,102.682592
503,https://km.58.com/shangpu/41396529961226x.shtml,昆明市五华区,金色维也纳花园,临街 可明火 上水 下水,265 ㎡,4.53,25.10742,102.740615
504,https://km.58.com/shangpu/41394791804161x.shtml,昆明市五华区,一二一大街(莲花池),临街 上水 下水,340 ㎡,2.25,25.063331,102.71033
505,https://km.58.com/shangpu/41391933085985x.shtml,昆明市五华区,家乐福(正大店),临街 可餐饮 可明火 上水,150 ㎡,2.22,25.056022,102.676572
506,https://km.58.com/shangpu/41391765358731x.shtml,昆明市五华区,云南大学龙泉路教工住宅区-南门,免租1个月 临街 上水 下水,110.89 ㎡,4.34,25.088947,102.724408
507,https://km.58.com/shangpu/41391487868302x.shtml,昆明市五华区,融创春风十里写字楼,临街 外摆区,242 ㎡,0.35,25.090802,102.667865
508,https://km.58.com/shangpu/41381040952994x.shtml,昆明市五华区,太和1989(正义路店),免租1个月 临街 上水 下水 外摆区,150.15 ㎡,8.66,25.049993,102.71607
509,https://km.58.com/shangpu/41386889109268x.shtml,昆明市五华区,昆明恒大名都,免租1个月 临街 可餐饮 可明火 上水,145 ㎡,1.84,25.08405,102.663721
510,https://km.58.com/shangpu/41384369429525x.shtml,昆明市五华区,江东耀龙康城,临街 可明火 上水 下水,305 ㎡,2.19,25.104767,102.736674
511,https://km.58.com/shangpu/41382679341331x.shtml,昆明市五华区,西苑茶城-西门,临街 可餐饮 上水 下水,240 ㎡,0.01,25.053103,102.656862
512,https://km.58.com/shangpu/41370962718497x.shtml,昆明市五华区,书香门第-AD座,临街 外摆区,160 ㎡,1.46,25.114785,102.739141
513,https://km.58.com/shangpu/41183910775717x.shtml,昆明市五华区,中晟溪城,临街 可明火 上水 下水,200 ㎡,1.43,25.095918,102.656571
514,https://km.58.com/shangpu/40755860729893x.shtml,昆明市五华区,中晟溪城,免租1个月 临街 可明火 上水 下水,230 ㎡,0.87,25.095918,102.656571
515,https://km.58.com/shangpu/41130726026658x.shtml,昆明市五华区,昆明走廊,可餐饮 可明火 上水 下水,120 ㎡,2.83,25.048247,102.720305
516,https://km.58.com/shangpu/41736339542944x.shtml,昆明市五华区,银河明珠,临街 下水,160 ㎡,1.25,25.107381,102.733641
517,https://km.58.com/shangpu/41597264826398x.shtml,昆明市五华区,北市区车场,免租1个月 临街,151 ㎡,15.45,25.104213,102.733688
518,https://km.58.com/shangpu/41357832712077x.shtml,昆明市五华区,金域蓝湾-一期,临街 上水 下水,110 ㎡,1.45,25.1086,102.731976
519,https://km.58.com/shangpu/41001174863887x.shtml,昆明市五华区,沙沟尾村,临街 可餐饮 可明火 上水,100 ㎡,1.56,25.052462,102.664765
520,https://km.58.com/shangpu/41594513743237x.shtml,昆明市五华区,北市区车场,免租1个月 临街,151 ㎡,15.45,25.104213,102.733688
521,https://km.58.com/shangpu/41139433385735x.shtml,昆明市五华区,金域蓝湾,临街 上水 下水,110 ㎡,1.45,25.108242,102.731427
522,https://km.58.com/shangpu/41090042221711x.shtml,昆明市五华区,翠湖北路,临街 上水 下水 380V,325 ㎡,2.87,25.056013,102.707762
523,https://km.58.com/shangpu/40730087154208x.shtml,昆明市五华区,实力·玖如堂,临街 上水 下水 外摆区,105 ㎡,1.9,25.079001,102.708963
524,https://km.58.com/shangpu/40499883606020x.shtml,昆明市五华区,海源寺新村,免租1个月 临街 可餐饮 上水 下水,180 ㎡,2.22,25.083101,102.646588
525,https://km.58.com/shangpu/41063951469210x.shtml,昆明市五华区,吾悦花街,免租2个月 临街 上水 下水 380V,280 ㎡,1.61,25.095927,102.666097
526,https://km.58.com/shangpu/41052472523014x.shtml,昆明市五华区,吾悦花街,免租3个月 临街 可餐饮 可明火 上水,300 ㎡,0.01,25.095927,102.666097
527,https://km.58.com/shangpu/40778060520835x.shtml,昆明市五华区,昆明市五华区政府西翥街道办事处,免租1个月 临街 可明火 上水 下水,120 ㎡,0.83,25.165732,102.669828
528,https://km.58.com/shangpu/41027790741509x.shtml,昆明市五华区,国福现代城-荷花苑,临街 可餐饮 可明火 380V,109 ㎡,1.99,25.11189,102.742369
529,https://km.58.com/shangpu/40743045460102x.shtml,昆明市五华区,天骄北麓-北区,临街 可明火 上水 下水,150 ㎡,0.67,25.119529,102.735785
530,https://km.58.com/shangpu/40972366592265x.shtml,昆明市五华区,创意英国-温莎公爵玫瑰园,临街 上水 下水,200 ㎡,0.6,25.057702,102.689862
531,https://km.58.com/shangpu/40752360175388x.shtml,昆明市五华区,天骄北麓,免租1个月 临街 上水 下水,200 ㎡,1.5,25.116662,102.734679
532,https://km.58.com/shangpu/40862722463259x.shtml,昆明市五华区,月牙塘小区-北门,免租1个月 临街 上水 下水,150 ㎡,3.33,25.102845,102.735293
533,https://km.58.com/shangpu/40862722457243x.shtml,昆明市五华区,月牙塘小区-北门,免租1个月 临街 上水 下水,150 ㎡,3.33,25.102845,102.735293
534,https://km.58.com/shangpu/40852284886437x.shtml,昆明市五华区,月牙塘小区-北门,临街 上水 下水 外摆区,150 ㎡,3.33,25.102845,102.735293
535,https://km.58.com/shangpu/40841666492554x.shtml,昆明市五华区,茭菱路,临街 下水,200 ㎡,0.6,25.055122,102.687881
536,https://km.58.com/shangpu/40279894413334x.shtml,昆明市五华区,腾龙苑,临街 上水 下水 外摆区,107 ㎡,2.18,25.064192,102.675481
537,https://km.58.com/shangpu/40778613866398x.shtml,昆明市五华区,天骄北麓南区-5号楼,免租1个月 临街,200 ㎡,1.0,25.116482,102.734719
538,https://km.58.com/shangpu/40810258365216x.shtml,昆明市五华区,吾悦广场,临街 可餐饮 可明火 上水,118 ㎡,4.24,25.095398,102.665876
539,https://km.58.com/shangpu/40486833735847x.shtml,昆明市五华区,美璟欣城商业步行街,免租1个月 临街 可餐饮 可明火 上水,130 ㎡,2.31,25.102826,102.738605
540,https://km.58.com/shangpu/40741648078363x.shtml,昆明市五华区,吉惠园小区,临街 上水 下水,100 ㎡,2.83,25.106858,102.65453
541,https://km.58.com/shangpu/41579867497881x.shtml,昆明市官渡区,昆明世纪城,免租1个月 临街 外摆区,163 ㎡,2.39,24.969415,102.753977
542,https://km.58.com/shangpu/41638027681667x.shtml,昆明市官渡区,昆明世纪城,免租1个月 临街 可餐饮 外摆区,150 ㎡,5.93,24.969415,102.753977
543,https://km.58.com/shangpu/40709062774806x.shtml,昆明市官渡区,新亚洲体育城百合园,临街 下水 外摆区,255 ㎡,0.82,24.961149,102.771149
544,https://km.58.com/shangpu/41583009547943x.shtml,昆明市官渡区,双城际·商务中心,免租3个月 临街 可明火 上水 下水,300 ㎡,4.0,24.95712,102.790999
545,https://km.58.com/shangpu/41690461486212x.shtml,昆明市官渡区,俊发河畔俊园,临街 外摆区,120 ㎡,2.4,24.948005,102.751983
546,https://km.58.com/shangpu/41683644043555x.shtml,昆明市官渡区,云南艺术家园区D区-南门,临街 可餐饮 外摆区,142 ㎡,2.3,24.939315,102.730998
547,https://km.58.com/shangpu/41734817561382x.shtml,昆明市官渡区,世纪金源购物中心,临街 上水 下水,150 ㎡,8.6,24.983395,102.76878
548,https://km.58.com/shangpu/41573612877963x.shtml,昆明市官渡区,假日湾,临街 上水 下水 380V,101 ㎡,1.82,24.987222,102.728878
549,https://km.58.com/shangpu/41439711163807x.shtml,昆明市官渡区,万科魅力之城,免租1个月 临街 可明火 上水 下水,150 ㎡,1.48,24.963661,102.787503
550,https://km.58.com/shangpu/40720968623878x.shtml,昆明市官渡区,昆明世纪城,临街 可明火 上水 下水,116 ㎡,2.44,24.969415,102.753977
551,https://km.58.com/shangpu/41614088209803x.shtml,昆明市官渡区,锦苑花园,临街 上水 下水,134 ㎡,2.74,25.009993,102.726505
552,https://km.58.com/shangpu/40718789439783x.shtml,昆明市官渡区,昆明世纪城,临街,152 ㎡,9.14,24.969415,102.753977
553,https://km.58.com/shangpu/41470142475777x.shtml,昆明市官渡区,大都摩天购物中心,免租3个月 临街 上水 下水 380V,100 ㎡,3.0,24.97498,102.775014
554,https://km.58.com/shangpu/41734986165013x.shtml,昆明市官渡区,昆明世纪城,临街,150.12 ㎡,8.4,24.969415,102.753977
555,https://km.58.com/shangpu/40718859674252x.shtml,昆明市官渡区,昆明世纪城,临街 可餐饮 外摆区,116 ㎡,2.39,24.969415,102.753977
556,https://km.58.com/shangpu/41690618860816x.shtml,昆明市官渡区,俊发河畔俊园,外摆区,170.71 ㎡,2.0,24.948005,102.751983
557,https://km.58.com/shangpu/41181786923680x.shtml,昆明市官渡区,8090服装店,临街 上水 下水 外摆区,100 ㎡,1.0,24.967523,102.72035
558,https://km.58.com/shangpu/41397028307100x.shtml,昆明市官渡区,亚美丽嘉·酒店,临街 外摆区,190 ㎡,1.4,24.965583,102.763371
559,https://km.58.com/shangpu/41406857401382x.shtml,昆明市官渡区,星都国际总部基地-61栋,临街,238 ㎡,0.56,24.958075,102.773932
560,https://km.58.com/shangpu/41405060988187x.shtml,昆明市官渡区,俊发湾流海四组团,临街 上水 下水 380V,176 ㎡,1.14,24.950151,102.751033
561,https://km.58.com/shangpu/41394413624482x.shtml,昆明市官渡区,香颂时光花园,免租1个月 临街,300 ㎡,0.67,25.006246,102.792192
562,https://km.58.com/shangpu/41393566194597x.shtml,昆明市官渡区,融城金阶写字楼-B座,免租1个月 临街 可餐饮 可明火 上水,100 ㎡,4.8,25.014885,102.753947
563,https://km.58.com/shangpu/41391559913120x.shtml,昆明市官渡区,俊发·湾流海河畔五组团,免租1个月 临街,100 ㎡,1.33,24.949672,102.750732
564,https://km.58.com/shangpu/41121986366476x.shtml,昆明市官渡区,东聚五金机电建材城(2号门),临街,186 ㎡,1.43,24.993038,102.768234
565,https://km.58.com/shangpu/41361628716324x.shtml,昆明市官渡区,东盟森林,临街,140 ㎡,0.71,24.91207,102.81109
566,https://km.58.com/shangpu/41339863149574x.shtml,昆明市官渡区,官渡古镇-东门,临街 可餐饮 可明火 上水,280 ㎡,0.95,24.961528,102.76455
567,https://km.58.com/shangpu/41328304905766x.shtml,昆明市官渡区,星体花园-北区,临街 可餐饮,100 ㎡,2.5,24.946537,102.768509
568,https://km.58.com/shangpu/40673521924647x.shtml,昆明市官渡区,后所村,临街 可餐饮 可明火 上水,260 ㎡,0.81,24.957556,102.742049
569,https://km.58.com/shangpu/41293788131090x.shtml,昆明市官渡区,官渡区第六中学,免租1个月 临街 下水,143 ㎡,2.8,24.962791,102.789732
570,https://km.58.com/shangpu/41293140514708x.shtml,昆明市官渡区,长水航城航景苑,临街 上水 下水 外摆区,240 ㎡,0.83,25.077583,102.951071
571,https://km.58.com/shangpu/40510549019419x.shtml,昆明市官渡区,融城金阶写字楼-B座,临街 可餐饮 可明火 上水,120 ㎡,4.0,25.014885,102.753947
572,https://km.58.com/shangpu/41269933707407x.shtml,昆明市官渡区,俊福花城,免租1个月 临街 可餐饮 可明火 上水,143 ㎡,1.4,24.936601,102.76512
573,https://km.58.com/shangpu/41259348798340x.shtml,昆明市官渡区,骏信国际汽配城,临街,222.49 ㎡,0.6,24.975382,102.805543
574,https://km.58.com/shangpu/41736192678171x.shtml,昆明市官渡区,普自农贸市场,免租1个月 临街 上水,180 ㎡,0.56,24.945403,102.765856
575,https://km.58.com/shangpu/38851965051920x.shtml,昆明市官渡区,俊福花城,免租3个月 临街 上水 下水 380V,225 ㎡,1.04,24.936601,102.76512
576,https://km.58.com/shangpu/41683330894985x.shtml,昆明市官渡区,万科魅力之城五期,免租1个月 临街 上水 下水 380V,150 ㎡,2.22,24.96193,102.791644
577,https://km.58.com/shangpu/41683206614033x.shtml,昆明市官渡区,昆明海伦国际,免租1个月 临街 可餐饮 可明火 上水,350 ㎡,2.19,24.973783,102.751073
578,https://km.58.com/shangpu/41670526020390x.shtml,昆明市官渡区,北京路/环城南路(路口),临街 外摆区,100 ㎡,5.0,25.030572,102.727249
579,https://km.58.com/shangpu/41592432749831x.shtml,昆明市官渡区,交通银行24小时自助银行服务(银海国贸花园),免租2个月 临街 可明火 上水 下水,152 ㎡,3.29,25.013589,102.737158
580,https://km.58.com/shangpu/41537951861008x.shtml,昆明市官渡区,俊发湾流海四组团,临街 上水 下水,184 ㎡,1.81,24.950151,102.751033
581,https://km.58.com/shangpu/40810819757962x.shtml,昆明市官渡区,万科魅力之城五期,免租1个月 临街 可明火 上水 下水,152.56 ㎡,2.18,24.96193,102.791644
582,https://km.58.com/shangpu/41505678034079x.shtml,昆明市官渡区,俊发·湾流海河畔三组团,临街 上水 下水,108 ㎡,1.54,24.951328,102.753264
583,https://km.58.com/shangpu/41448934785700x.shtml,昆明市官渡区,何老幺野鱼(国贸路店),临街 上水 下水,110 ㎡,4.06,25.016695,102.747254
584,https://km.58.com/shangpu/41407549278989x.shtml,昆明市官渡区,实力山语间,临街 下水,128 ㎡,3.13,25.040419,102.771379
585,https://km.58.com/shangpu/41342073661987x.shtml,昆明市官渡区,大润发商业广场-1幢,临街 上水 下水 外摆区,101 ㎡,2.64,24.995194,102.728607
586,https://km.58.com/shangpu/41294097465090x.shtml,昆明市官渡区,付家营路,临街 上水 下水 380V,104 ㎡,1.28,24.949558,102.749086
587,https://km.58.com/shangpu/41271835877644x.shtml,昆明市官渡区,俊发湾流海四组团,临街 上水 下水 外摆区,176 ㎡,1.14,24.950151,102.751033
588,https://km.58.com/shangpu/41270465400738x.shtml,昆明市官渡区,普照温泉酒店,临街 上水 下水 外摆区,300 ㎡,4.44,24.997068,102.811445
589,https://km.58.com/shangpu/41672290798371x.shtml,昆明市官渡区,新广丰B区,临街 外摆区,400 ㎡,0.63,24.993645,102.784338
590,https://km.58.com/shangpu/41426272272388x.shtml,昆明市官渡区,新广丰b区4号楼,临街 上水 下水 外摆区,300 ㎡,199.0,24.991907,102.785649
591,https://km.58.com/shangpu/41239240600851x.shtml,昆明市官渡区,国际银座-B2栋,临街 上水 下水,138 ㎡,1.25,24.970294,102.800446
592,https://km.58.com/shangpu/41221615116198x.shtml,昆明市官渡区,国际银座(顺通大道),临街 可餐饮 上水 下水,300 ㎡,1.11,24.970254,102.800344
593,https://km.58.com/shangpu/41214447658784x.shtml,昆明市官渡区,世纪城中路S3,免租1个月 临街 可餐饮 可明火 上水,157.24 ㎡,5.3,24.968373,102.754298
594,https://km.58.com/shangpu/41193665114516x.shtml,昆明市官渡区,万科魅力之城五期,免租1个月 临街 上水 外摆区,300 ㎡,3.0,24.96193,102.791644
595,https://km.58.com/shangpu/40839047429535x.shtml,昆明市官渡区,东聚五金机电精品市场,临街 上水 下水,300 ㎡,0.84,24.99288,102.767562
596,https://km.58.com/shangpu/40330628390797x.shtml,昆明市官渡区,康盛商贸城,临街 可明火 上水 下水,120 ㎡,2.13,24.945178,102.7707
597,https://km.58.com/shangpu/41137113310480x.shtml,昆明市官渡区,昆一中官渡学校,免租1个月 临街 上水 下水 380V,131 ㎡,2.04,24.979023,102.756612
598,https://km.58.com/shangpu/41074319886888x.shtml,昆明市官渡区,晓东村,临街,350 ㎡,0.36,24.995591,102.767319
599,https://km.58.com/shangpu/41065683067944x.shtml,昆明市官渡区,昌原超市(世纪城中路店),免租1个月 临街 上水 下水 外摆区,110 ㎡,4.55,24.968886,102.755243
600,https://km.58.com/shangpu/41008785591589x.shtml,昆明市官渡区,康盛商贸城,临街 可明火 上水 下水,120 ㎡,2.17,24.945178,102.7707
601,https://km.58.com/shangpu/40986061719812x.shtml,昆明市官渡区,尚为国际广场,免租1个月 临街 上水 下水 外摆区,337 ㎡,3.46,24.990405,102.782482
602,https://km.58.com/shangpu/40975691550489x.shtml,昆明市官渡区,康乐茶文化城57号楼,临街 可餐饮 上水 下水,300 ㎡,1.78,24.994566,102.728919
603,https://km.58.com/shangpu/40629351097991x.shtml,昆明市官渡区,天耀综合楼,免租1个月 临街 上水 下水,365 ㎡,3.04,25.006936,102.731135
604,https://km.58.com/shangpu/40899197562254x.shtml,昆明市官渡区,双龙商场(环城南路店),临街,105 ㎡,5.87,25.029424,102.725433
605,https://km.58.com/shangpu/40885314261668x.shtml,昆明市官渡区,长水航城,临街 可餐饮 可明火 上水,270 ㎡,1.6,25.078792,102.943046
606,https://km.58.com/shangpu/40824548596112x.shtml,昆明市官渡区,果林溪谷-二期,免租1个月 临街 上水 下水,180 ㎡,0.19,24.964823,102.847032
607,https://km.58.com/shangpu/40819346333096x.shtml,昆明市官渡区,高顺铭都-1栋,免租1个月 临街 380V,102.66 ㎡,1.27,24.973083,102.771514
608,https://km.58.com/shangpu/40750648781970x.shtml,昆明市官渡区,海运花园,临街 下水,154 ㎡,1.52,24.951662,102.778275
609,https://km.58.com/shangpu/40764351480322x.shtml,昆明市官渡区,官渡古镇,临街 可餐饮 可明火 上水,100 ㎡,2.67,24.960282,102.760903
610,https://km.58.com/shangpu/40752491870485x.shtml,昆明市官渡区,峨山温泉公寓,临街 上水 下水,165 ㎡,4.38,25.0209,102.749633
611,https://km.58.com/shangpu/41681115239450x.shtml?legourl=//legoclick.58.com/jump?target=szqoUi3draOWUvYf0v66UhIkIitYnHm3nHDQPHc1rHEdnZ980v6YUykKuadbmWKBPvnvnBd6rHKWsHEOm1nVmH0QnBYYm1mkPWR-PjckPW9KPjnLrH0znjmvPHb1Pj9KTHDYnHnQPjDkPWm3n1nOnW9KnHmQnjTKnHmQnjTKnikQPEDQPWD_nHN3rEDQPH9vnj0Qnj0Qn1EdTHDKwbnVNDnVOuyAOsBpOuzkOsJMOsBeOmBgl2AClpAdOuyAlurlsSXNMSpDWSBqorB8JEDQTHDKTiYQTEDQnWEdnWm1rH0dPjnzPWTdPWbLTHmK0A7zmyd1nWT1rWD_Uy-6UbGGrWDkn7tYnjTKnED1nWRWPHwWnBYvrj7WsHE3m1EVrH7WPBYdPj7-uyPhPWTvP1mKnHcYPHcvn1bLPHNdPjcYnjNQnkDQnWEdnWm1rH0dPjbQn1cdrHNzTEDKTEDKsEDKTy6YIZK1rBtfpvY8PH98mvqVsLK6UhQfUh0f0v66UhIkIyPlsLK8nit4UhRLNvR60hPC5HDhmgF-mHYQnjKxPjTkFMPQ5HDhEvQGmvVFwjYQTyN3PLFpUju2pAu70D9QibQAEbtdEy0KnHE8nWTYsWDdPB3QnTDVnEDkTEDQsjDdTgVqTHDknjnYTHDknjDdnHEKmhRbuAEOuhEVPhPBnBYYmHELsycQuymVuycOn17WuHK6n10QTEDkTEDKnTDQPWD_nHN3rikQnHbOP9DzTyFWnAF6PvuWnWNzm1nLmHT&referinfo=true&utm_source=&spm=&product=jingxuan,昆明市盘龙区,万宏国际,临街 上水 下水,234.17 ㎡,2.85,25.065046,102.732483
612,https://short.58.com/zd_p/46f3de06-6891-42e9-8204-8de2a0779125/?target=tk-16-xgk_femobwv_54036245091725q-feykn&end=end&lego_ts=nHTksAEVPWbOuhmQuHNVmHK6uBYYm1K-syF-nW9VuAFWnjcvnAwbmyc3sjEkP1c3rHTYP1mdnHbY&product=zhiding,昆明市盘龙区,格林美步行街,临街 上水 下水,200 ㎡,1.42,25.055981,102.747253
613,https://km.58.com/shangpu/39350014923288x.shtml,昆明市盘龙区,金星立交桥,免租1个月 临街 下水,280 ㎡,1.79,25.078317,102.731359
614,https://km.58.com/shangpu/41238892658440x.shtml,昆明市盘龙区,滨江俊园,免租1个月 临街 上水 下水,152 ㎡,1.82,25.068376,102.721324
615,https://nc.58.com/shangpu/38065394651138x.shtml,昆明市盘龙区,万宏国际,临街 上水 下水 380V,107 ㎡,2.18,25.065046,102.732483
616,https://km.58.com/shangpu/40728904765194x.shtml,昆明市盘龙区,格林美步行街,临街 上水 下水,200 ㎡,1.42,25.055981,102.747253
617,https://km.58.com/shangpu/41615556742660x.shtml,昆明市盘龙区,云南映象-83栋,临街 上水 下水 外摆区,158 ㎡,1.05,25.092265,102.755494
618,https://km.58.com/shangpu/41714105932563x.shtml,昆明市盘龙区,达阵广场,免租1个月 临街 上水 下水 380V,131.07 ㎡,13.33,25.04033,102.725657
619,https://km.58.com/shangpu/41713775949585x.shtml,昆明市盘龙区,七彩俊园-11号楼,免租1个月 临街 可餐饮 上水 下水,150 ㎡,3.33,25.054317,102.733769
620,https://km.58.com/shangpu/41713543094429x.shtml,昆明市盘龙区,保利玺樾1期,免租1个月 临街 可餐饮 可明火 上水,319.5 ㎡,0.01,25.072041,102.74942
621,https://km.58.com/shangpu/41459829537153x.shtml,昆明市盘龙区,蔼禾小馆,免租1个月 临街 可餐饮 可明火 上水,170 ㎡,1.8,25.091261,102.757285
622,https://km.58.com/shangpu/40135005057692x.shtml,昆明市盘龙区,穿心鼓楼,临街 上水 下水,250 ㎡,2.25,25.054989,102.726765
623,https://km.58.com/shangpu/40320379607313x.shtml,昆明市盘龙区,北京路/穿金路(路口),免租1个月 临街 上水 下水 380V,100 ㎡,6.67,25.055803,102.725811
624,https://km.58.com/shangpu/41618842222864x.shtml,昆明市盘龙区,园博花鸟市场,临街 上水 下水 外摆区,120 ㎡,2.03,25.072142,102.757585
625,https://km.58.com/shangpu/41702819857937x.shtml,昆明市盘龙区,云南印象主题文化小区,临街 上水 下水 380V,180 ㎡,2.96,25.090567,102.756361
626,https://km.58.com/shangpu/41701877534598x.shtml,昆明市盘龙区,翡翠湾-东门,免租1个月 临街,105 ㎡,6.0,25.076505,102.722771
627,https://km.58.com/shangpu/41693202167464x.shtml,昆明市盘龙区,艾诗林根,临街 下水,260 ㎡,1.92,25.095145,102.74093
628,https://km.58.com/shangpu/41338052694158x.shtml,昆明市盘龙区,高级公寓,临街 上水 下水,100 ㎡,6.17,25.054519,102.723256
629,https://km.58.com/shangpu/41062441792901x.shtml,昆明市盘龙区,昆明玉器城,临街 上水 下水,240 ㎡,0.4,25.15225,102.746941
630,https://km.58.com/shangpu/40585759091204x.shtml,昆明市盘龙区,穿金路,免租1个月 临街 上水 下水 380V,200 ㎡,0.03,25.058222,102.731962
631,https://km.58.com/shangpu/41627013145884x.shtml,昆明市盘龙区,万宏国际,临街 上水 下水,234.17 ㎡,2.85,25.065046,102.732483
632,https://km.58.com/shangpu/41462834632611x.shtml,昆明市盘龙区,江东商业街,临街 可餐饮 可明火 上水,117 ㎡,3.08,25.090959,102.746204
633,https://km.58.com/shangpu/41307233493157x.shtml,昆明市盘龙区,金星园丁二期-东南门,临街 上水 下水 外摆区,300 ㎡,1.67,25.082179,102.728628
634,https://km.58.com/shangpu/41646950297128x.shtml,昆明市盘龙区,颐园小区(白云路),上水 下水,100 ㎡,1.0,25.071443,102.733878
635,https://km.58.com/shangpu/41637917008542x.shtml,昆明市盘龙区,白塔路与环城东路交叉口,免租1个月 临街 可餐饮 上水 下水,160 ㎡,3.75,25.056326,102.733767
636,https://km.58.com/shangpu/41661297317651x.shtml,昆明市盘龙区,星雅尚街,临街 上水 下水,130 ㎡,1.69,25.068038,102.731043
637,https://km.58.com/shangpu/41638178019597x.shtml,昆明市盘龙区,北辰大道/北京路(路口),免租1个月 临街 上水 下水 外摆区,150 ㎡,1.0,25.087355,102.738893
638,https://km.58.com/shangpu/41248923362591x.shtml,昆明市盘龙区,东风东路118号,临街 可餐饮 上水 下水,200 ㎡,3.4,25.045372,102.738205
639,https://km.58.com/shangpu/41591881519783x.shtml,昆明市盘龙区,金色交响家园,免租1个月 临街 可明火 上水 下水,300 ㎡,1.09,25.050111,102.779187
640,https://km.58.com/shangpu/41648977825289x.shtml,昆明市盘龙区,金江小区·旭苑-4号门,免租4个月 临街 上水 下水 外摆区,215 ㎡,1.71,25.104315,102.74795
641,https://km.58.com/shangpu/41648489360522x.shtml,昆明市盘龙区,汇购生活超市,免租1个月 临街 可明火 上水 下水,300 ㎡,0.67,25.053444,102.770287
642,https://km.58.com/shangpu/40797895909512x.shtml?legourl=//legoclick.58.com/jump?target=szqoUi3draOWUvYf0v66UhIkIitYnj0OP19OPHbkrHNQnM980v6YUykKuadBnW-Wn1TvPBYOPjNvsHEYn1nVmWNQmzYknyuhuh7WmW7Wn1nKPHNdnWb3n1TdnWNLnHEKTHD1njTkrj9OrHcQnHnvP1NKnHcOnjTKnHcOnjTKnikQPEDQPWD_nHN3rTDQPH9vnj0Qnj93P19zTHDKwbnVNDnVOuyAOsBpOuzkOsJMOsBeOmBgl2AClpAdOuyAlurlsSXNMSpDWSBqorB8JEDQTHDKTiYQTEDQnWE1n1E3PjTvrjE3PjmzrjE3THmK0A7zmyd1nWT1rWD_Uy-6UbGGrWDkn7tYnjTKnE7BPW7BnW0knzYOPHcLsHE3PAEVmy7buiY1n1DOnHbQnjuBm19KnHcYn1nYrjEkPWbLrjE3PWcLn9DQnWE1n1E3PjTvrj9vnWc1rj0zTEDKTEDKsEDKTy6YIZK1rBtfpvY8PH98mvqVsLIdpZR6sLPCmyOM0ZRWXBqkUWDf5vO-IdP-mgFWpjYQFh7zuyDqnHTkg1Eknau10HYQFbP_pyPoiNEqnE7-rjIzyhkvih6hwgKcnNGnwbF5PN7MTHDYsWckPa3QPHm8nHTKsHDKnTDKnikQPE7exEDQnjT1PTDQnjTQPHDYTHRbrjwbn1NzsH6bmHEVPjw6PaY3PWNQsHmLPvDzujDLuAELrEDKnTDKTHTKnHmQsjDdrj9_nHDOrj9Kn97bP1bvrynQmyP-m1Dknj0O&referinfo=true&utm_source=&spm=&product=jingxuan,昆明市五华区,荷塘月色,免租1个月 临街,204 ㎡,90.0,25.099144,102.728528
643,https://km.58.com/shangpu/41703269015047x.shtml?legourl=//legoclick.58.com/jump?target=szqoUi3draOWUvYf0v66UhIkIitYnH0kn1cvrHTQPHTYPL980v6YUykKuadBnW-Wn1TvPBYOPjNvsHEYn1nVmWNQmzYknyuhuh7WmW7Wn1nKPj9LPWcYrjb3nWcOrH9KTHDYnHNOP1mLPjbOPWE1njTKnHcOnjTKnHcOnjTKnikQPEDQPWD_nHN3rTDQPH9vnj0Qnj93P19zTHcKwbnVNDnVOuyAOsBpOuzkOsJMOsBeOmBgl2AClpAdOuyAlurlsSXNMSpDWSBqorB8JEDQTHDKTiYQTEDQnWEdPWbvnjEvP10vrHbdrjEkTHmK0A7zmyd1nWT1rWD_Uy-6UbGGrWDkn7tYnjTKnE76P1KWuADLuBY1PAEzsHE1n1DVrjN1PBdWPARbrj0QPHRhrHbKnHcYPHmOPWTYPW9Orjm1njmdPkDQnWEdPWbvnjEvrjE3nW9vP1czTEDKTEDKsEDKTy6YIZK1rBtfpvY8PH98mvqVsLIdpZR6sLPCmyOM0ZRWXBqkUWDf5vO-IdP-mgFWpjYQFh7zuyDqnHTkg1Eknau10HYQFbP_pyPoiNEqnE7-rjIzyhkvih6hwgKcnNGnwbF5PN7MTHDYsWckPa3QPHm8nHTKsHDKnTDKnikQPE7exEDQnjT1PTDQnjTQPHDYTHIWm1RhPvnYsH9QnvNVPAnzriY3rAPWsyn3nvmknWEvPAR-rEDKnTDKTHTKnHmQsjDdrj9_nHDOrj9Kn9DQuWRbrAuhnWNLrHmYPH66&referinfo=true&utm_source=&spm=&product=jingxuan,昆明市五华区,荷塘月色,临街 可餐饮 上水 下水,150 ㎡,3.0,25.099144,102.728528
644,https://short.58.com/zd_p/8875217f-29e6-453e-b880-2f0480aace82/?target=tk-16-xgk_femobwv_57956043036720q-feykn&end=end&lego_ts=nHTksAEVn10kuW93n1nVnAELPBYYPAnzsH9kPjTVnywBrjKbnyDLP1R-sjEQPWE3P1TzP1c3nHbL&product=zhiding,昆明市五华区,华尔贝大厦,免租1个月 临街 可明火 上水 下水,172 ㎡,7.33,25.042803,102.721908
645,https://short.58.com/zd_p/8c7073f7-08c0-46a7-99ff-2d253c364468/?target=tk-16-xgk_femobwv_57980321608282q-feykn&end=end&lego_ts=nHTksAEVn10kuW93n1nVnAELPBYYPAnzsH9kPjTVnywBrjKbnyDLP1R-sjEQPWnLnWbdrj01rHnO&product=zhiding,昆明市五华区,园西路,临街 可明火 上水 下水,190 ㎡,2.81,25.062829,102.712576
646,https://km.58.com/shangpu/41546822272901x.shtml,昆明市五华区,人民西路/昌源中路(路口),临街 可餐饮 可明火 上水,100 ㎡,1.56,25.052427,102.661156
647,https://km.58.com/shangpu/41627889335188x.shtml,昆明市五华区,龙园豪宅-B座,免租1个月 临街 下水,213 ㎡,1.06,25.046697,102.718718
648,https://km.58.com/shangpu/41626856425117x.shtml,昆明市五华区,护国路,免租1个月 临街 可餐饮 上水 下水,200 ㎡,4.17,25.039749,102.721826
649,https://km.58.com/shangpu/41626851013508x.shtml,昆明市五华区,吾悦花园,免租2个月 临街 上水 下水 外摆区,220 ㎡,2.27,25.097833,102.659908
650,https://km.58.com/shangpu/41375897932964x.shtml,昆明市五华区,地台寺,临街 上水 下水,300 ㎡,1.67,25.066637,102.698912
651,https://km.58.com/shangpu/41612984486034x.shtml,昆明市五华区,北市区车场,临街,151 ㎡,15.45,25.104213,102.733688
652,https://km.58.com/shangpu/41615672464154x.shtml,昆明市五华区,中晟溪城-2栋,临街 可明火 上水 下水,200 ㎡,1.33,25.09747,102.655443
653,https://km.58.com/shangpu/41607056739729x.shtml,昆明市五华区,梅江路/盈江路(路口),临街 可餐饮 可明火 上水,130 ㎡,2.31,25.077105,102.718142
654,https://km.58.com/shangpu/41604419618946x.shtml,昆明市五华区,昆明联想科技城1期-10幢,免租1个月 临街 上水 下水 380V,253 ㎡,45.0,25.091659,102.66609
655,https://km.58.com/shangpu/41603857781415x.shtml,昆明市五华区,昆明帅威汽车销售服务有限公司,临街 上水 下水 380V,320 ㎡,1.56,25.083496,102.692269
656,https://km.58.com/shangpu/41602967885589x.shtml,昆明市五华区,海伦堡海伦中心,可餐饮 上水 下水 外摆区,170 ㎡,1.18,25.073292,102.672554
657,https://km.58.com/shangpu/41602897761822x.shtml,昆明市五华区,华山东路,免租1个月 临街,100 ㎡,0.5,25.053315,102.718351
658,https://km.58.com/shangpu/41593615136800x.shtml,昆明市五华区,经典双城-A区,临街 外摆区,243.5 ㎡,2.33,25.056848,102.670876
659,https://km.58.com/shangpu/41439042470422x.shtml,昆明市五华区,顺城豪庭,免租1个月 临街 上水 下水,280 ㎡,5.71,25.04105,102.714881
660,https://km.58.com/shangpu/41292579860888x.shtml,昆明市五华区,蓝龙潭,临街 可明火 上水 下水,300 ㎡,0.89,25.128189,102.736651
661,https://km.58.com/shangpu/41591081087003x.shtml,昆明市五华区,志远大厦,免租1个月 临街 可明火 上水 下水,172 ㎡,6.78,25.042678,102.723216
662,https://km.58.com/shangpu/41558505726236x.shtml,昆明市五华区,青年路,免租1个月 临街 可明火 上水 下水,170 ㎡,6.66,25.040006,102.72319
663,https://km.58.com/shangpu/41590663989029x.shtml,昆明市五华区,春之城,临街 上水 下水,100 ㎡,4.67,25.101007,102.740629
664,https://km.58.com/shangpu/41582137360408x.shtml,昆明市五华区,金域蓝湾-12幢,临街 上水 下水,110 ㎡,1.45,25.108721,102.731082
665,https://km.58.com/shangpu/41462180605217x.shtml,昆明市五华区,建设路师大宿舍,免租1个月 临街 上水 下水,287 ㎡,1.74,25.062078,102.700002
666,https://km.58.com/shangpu/41557771489824x.shtml,昆明市五华区,云南大学-南门,临街 上水 下水 外摆区,300 ㎡,2.22,25.05828,102.710211
667,https://km.58.com/shangpu/41560438032655x.shtml,昆明市五华区,昆百大国际派,免租1个月 临街 可餐饮 上水 下水,398 ㎡,2.23,25.084334,102.654459
668,https://km.58.com/shangpu/41514695371142x.shtml,昆明市五华区,悦中心,临街 上水 下水 外摆区,149 ㎡,0.63,25.074016,102.731981
669,https://km.58.com/shangpu/40462866645288x.shtml,昆明市五华区,中铁·云时代广场-A座,免租3个月 临街 可餐饮,183 ㎡,5.0,25.093859,102.666951
670,https://km.58.com/shangpu/41549495156613x.shtml,昆明市五华区,南屏街/青年路(路口),临街 可餐饮 可明火 上水,180 ㎡,7.33,25.044323,102.721392
671,https://km.58.com/shangpu/41547076180005x.shtml,昆明市五华区,假日城市二期芳华,免租1个月 临街 上水 下水,175 ㎡,15.24,25.063921,102.663335
672,https://km.58.com/shangpu/41547044235675x.shtml,昆明市五华区,青年路/宝善街(路口),免租1个月 临街 上水 下水 380V,170 ㎡,7.65,25.042367,102.722896
673,https://km.58.com/shangpu/41546570947735x.shtml,昆明市五华区,871文化创意工场,免租1个月 临街 可餐饮 上水 下水,300 ㎡,1.11,25.140937,102.740927
674,https://km.58.com/shangpu/41546298622601x.shtml,昆明市五华区,871文化创意工场,临街 上水 下水 380V,200 ㎡,2.0,25.140937,102.740927
675,https://km.58.com/shangpu/41540267290505x.shtml,昆明市五华区,广业大厦,临街 可明火 上水 下水,200 ㎡,3.75,25.040093,102.721245
676,https://km.58.com/shangpu/41361595334544x.shtml,昆明市五华区,鸿城广场,临街,311 ㎡,72.0,25.049065,102.722506
677,https://km.58.com/shangpu/41353645321501x.shtml,昆明市五华区,昆明联想科技城1期,临街 可餐饮 上水 下水,105 ㎡,2.54,25.090422,102.66664
678,https://km.58.com/shangpu/41347608493978x.shtml,昆明市五华区,昆明瀑布公园,免租1个月 临街 可餐饮 上水 下水,120 ㎡,5.0,25.132365,102.768206
679,https://km.58.com/shangpu/41336534434728x.shtml,昆明市五华区,昆明湖观瀑布广场,免租1个月 临街 可餐饮 可明火 上水,120 ㎡,4.72,25.133045,102.769338
680,https://km.58.com/shangpu/41337200119080x.shtml,昆明市五华区,小普吉村,免租1个月 临街 可餐饮 可明火 上水,110 ㎡,1.06,25.107126,102.676787
681,https://km.58.com/shangpu/41306020166155x.shtml,昆明市五华区,871文化创意工场,免租2个月 临街 上水 下水 外摆区,380 ㎡,0.96,25.140937,102.740927
682,https://km.58.com/shangpu/41150238952334x.shtml,昆明市五华区,月牙塘小区-北门,临街 上水 下水,150 ㎡,2.89,25.102845,102.735293
683,https://km.58.com/shangpu/41281814453514x.shtml,昆明市五华区,中晟溪城,临街 可明火 上水 下水,120 ㎡,1.33,25.095918,102.656571
684,https://km.58.com/shangpu/41271284722086x.shtml,昆明市五华区,云南财经大学南院西门,免租1个月 临街 可餐饮,200 ㎡,0.75,25.087276,102.722083
685,https://km.58.com/shangpu/41237445898131x.shtml,昆明市五华区,海源寺新村,临街 可餐饮 上水 下水,180 ㎡,1.85,25.083101,102.646588
686,https://km.58.com/shangpu/40671712101250x.shtml,昆明市五华区,海屯路与商院路交叉口,上水 下水,150 ㎡,1.0,25.089102,102.656002
687,https://km.58.com/shangpu/41092908782493x.shtml,昆明市五华区,盛世豪庭,临街 下水,190 ㎡,1.54,25.063235,102.690876
688,https://km.58.com/shangpu/41173037428874x.shtml,昆明市五华区,海伦堡海伦中心,免租1个月 临街 可餐饮 可明火 上水,124 ㎡,4.84,25.073292,102.672554
689,https://km.58.com/shangpu/40789628830749x.shtml,昆明市五华区,中国移动手机连锁卖场(西华北市区店),临街 上水 下水,100 ㎡,6.0,25.10573,102.735655
690,https://km.58.com/shangpu/41088018867979x.shtml,昆明市五华区,西城时代建发曦城购物中心,临街 可餐饮 可明火 上水,170 ㎡,3.14,25.068941,102.658783
691,https://km.58.com/shangpu/41736339549725x.shtml,昆明市五华区,银河明珠,临街 下水,160 ㎡,1.25,25.107381,102.733641
692,https://km.58.com/shangpu/41616742192261x.shtml,昆明市五华区,昆明走廊,临街 可餐饮 上水 下水,120 ㎡,2.83,25.048247,102.720305
693,https://km.58.com/shangpu/41597561205383x.shtml,昆明市五华区,北市区车场,免租1个月 临街,151 ㎡,15.45,25.104213,102.733688
694,https://km.58.com/shangpu/41494128445202x.shtml,昆明市五华区,沙沟尾村,临街 可餐饮 可明火 上水,100 ㎡,1.56,25.052462,102.664765
695,https://km.58.com/shangpu/41436420657172x.shtml,昆明市五华区,金域蓝湾-一期,临街 上水 下水,110 ㎡,1.45,25.1086,102.731976
696,https://km.58.com/shangpu/41403093852052x.shtml,昆明市五华区,海伦中心2座,免租1个月 临街 可餐饮 下水 外摆区,300 ㎡,0.89,25.073619,102.672952
697,https://km.58.com/shangpu/41391765362444x.shtml,昆明市五华区,云南大学龙泉路教工住宅区-南门,免租1个月 临街 上水 下水,110.89 ㎡,4.34,25.088947,102.724408
698,https://km.58.com/shangpu/40475844419620x.shtml,昆明市五华区,荷塘月色,临街 可明火 上水 下水,150 ㎡,2.82,25.099144,102.728528
699,https://km.58.com/shangpu/40263177716371x.shtml,昆明市五华区,版筑翠园小区,临街 上水 下水,300 ㎡,0.01,25.060115,102.698503
700,https://km.58.com/shangpu/40774994285863x.shtml,昆明市五华区,昆明高新小屯汽车城,免租1个月 临街 外摆区,200 ㎡,2.83,25.079597,102.670861
701,https://km.58.com/shangpu/40773428327815x.shtml,昆明市五华区,实力花千集,临街 可明火 上水 下水,100 ㎡,1.33,25.080891,102.714758
702,https://km.58.com/shangpu/40764715071136x.shtml,昆明市五华区,王家桥(王家桥路),临街 可明火 上水 下水,350 ㎡,1.24,25.089613,102.680939
703,https://km.58.com/shangpu/40695553796999x.shtml,昆明市五华区,昆医附二院,临街 可餐饮 外摆区,240 ㎡,5.56,25.06051,102.686869
704,https://km.58.com/shangpu/40567682154534x.shtml,昆明市五华区,金域蓝湾,临街 上水 下水,110 ㎡,1.45,25.108242,102.731427
705,https://km.58.com/shangpu/41635762775056x.shtml,昆明市官渡区,高顺铭都,免租1个月 临街 可餐饮 可明火 上水,500 ㎡,1.43,24.973176,102.770941
706,https://km.58.com/shangpu/40267316299552x.shtml,昆明市官渡区,织布营,临街 上水 下水 380V,500 ㎡,0.44,24.980293,102.7746
707,https://km.58.com/shangpu/41137789674784x.shtml,昆明市官渡区,凯旋利·车博汇,免租1个月 临街 可明火 上水 下水,420 ㎡,2.3,24.981398,102.726403
708,https://km.58.com/shangpu/41304598223012x.shtml,昆明市官渡区,忠记快餐店,免租2个月 临街 可餐饮 可明火 上水,500 ㎡,0.33,24.964597,102.720981
709,https://km.58.com/shangpu/41630552601361x.shtml,昆明市官渡区,云南帅亚进出口商贸有限公司,临街 380V 外摆区,402 ㎡,2.34,24.976157,102.776596
710,https://km.58.com/shangpu/40775006715547x.shtml,昆明市官渡区,忠记快餐店,免租2个月 临街 可餐饮 可明火 上水,500 ㎡,0.33,24.964597,102.720981
711,https://km.58.com/shangpu/41546728285713x.shtml,昆明市官渡区,康盛商贸城,免租1个月 临街 上水 下水,500 ㎡,55.0,24.945178,102.7707
712,https://km.58.com/shangpu/40286465501473x.shtml,昆明市官渡区,鸣泉村,临街 可餐饮 可明火,450 ㎡,0.44,25.004057,102.773993
713,https://km.58.com/shangpu/41464189582730x.shtml,昆明市官渡区,永丰园,临街 上水 下水 外摆区,500 ㎡,0.37,24.986851,102.763553
714,https://km.58.com/shangpu/41417288688393x.shtml,昆明市官渡区,福景花园,免租1个月 临街,417 ㎡,1.52,25.027591,102.738816
715,https://km.58.com/shangpu/41379372738450x.shtml,昆明市官渡区,佳华广场酒店,免租2个月 临街 上水 下水 380V,500 ㎡,10.0,25.028145,102.728171
716,https://km.58.com/shangpu/41295604674344x.shtml,昆明市官渡区,珥季路,临街 可餐饮 上水 下水,500 ㎡,1.87,24.978283,102.776218
717,https://km.58.com/shangpu/41240431943071x.shtml,昆明市官渡区,百富琪商业大厦,免租2个月 临街 上水 下水,500 ㎡,1.67,25.032103,102.732644
718,https://km.58.com/shangpu/41692084781594x.shtml,昆明市西山区,南亚风情第壹城,临街 上水 下水 380V,440 ㎡,3.16,25.01512,102.691386
719,https://km.58.com/shangpu/41372245548426x.shtml,昆明市西山区,新闻路437号,免租1个月 临街 可餐饮 可明火 上水,500 ㎡,2.67,25.039999,102.694964
720,https://km.58.com/shangpu/40611289594001x.shtml,昆明市西山区,车家壁,免租1个月 临街 可餐饮 上水 下水,460 ㎡,0.87,25.006792,102.60009
721,https://km.58.com/shangpu/41561250127128x.shtml,昆明市西山区,南悦城购物公园,免租6个月 临街 上水 下水 380V,500 ㎡,1.67,24.984137,102.719438
722,https://km.58.com/shangpu/41138133282694x.shtml,昆明市西山区,兴港珑湾,免租1个月 临街 可明火 上水 下水,500 ㎡,2.33,24.994686,102.722146
723,https://km.58.com/shangpu/41626903564827x.shtml,昆明市西山区,新闻路图书市场(新闻路店),免租1个月 临街 上水 下水 外摆区,426 ㎡,2.66,25.040655,102.694816
724,https://km.58.com/shangpu/40794734421003x.shtml,昆明市西山区,滇池度假区,临街 可餐饮,500 ㎡,0.33,25.024066,102.69681
725,https://km.58.com/shangpu/40742200299410x.shtml,昆明市西山区,金岸中学(昆一中度假区分校),临街 可餐饮 上水 下水,500 ㎡,0.67,24.974959,102.710211
726,https://km.58.com/shangpu/40777720419102x.shtml,昆明市西山区,云南经贸外事职业学院,临街 可餐饮 上水 下水,460 ㎡,0.72,24.797597,102.60411
727,https://km.58.com/shangpu/41681115239450x.shtml?legourl=//legoclick.58.com/jump?target=szqoUi3draOWUvYf0v66UhIkIitYnHm3nHDQPHc1rHEdnZ980v6YUykKuaYkuju6nyPWnidbnW66sHwbmHmVrHTLuBdbuH6hPAmdPH9LnHbKPjnLrH0znjmvPHb1Pj9KTHDYnHnQPjDkPWm3n1nOnW9KnHmQnjTKnHmQnjTKnikQPEDQPWD_nHN3rEDQPH9vnj0QnHmvP1bvTHDKwbnVNDnVOuyAOsBpOuzkOsJMOsBeOmBgl2AClpAdOuyAlurlsSXNMSpDWSBqorB8JEDQTHDKTiYQTEDQnWEdnWm1rH0dPjnzPWTdPWbLTHmK0A7zmyd1nWT1rWD_Uy-6UbGGrWDkn7tdnjTKnEDkuhu-mvmknBYdrAN3sHEkPhcVmy7huidWrHPBPAPWmWE1uWmKnHcYPHcvn1bLPHNdPjcYnjNQnkDQnWEdnWm1rH0dPjbQn1cdrHNzTEDKTEDKsEDKTy6YIZK1rBtfpvY8PH98mvqVsLK6UhQfUh0f0v66UhIkIyPlsLK8nit4UhRLNvR60hPC5HDhmgF-mHYQnjKxPHTkFMPQ5HDhEvQGmvVFwjYQTyN3PLFpUju2pAQWNHw3wW6s017yEy0KnHE8nWTYsWDdPB3QnTDVnEDkTEDQsjDdTgVqTHDknjnYTHDknjDdnHEKuHnkrywhPHnVnHnzraYYnj9vsHbLPhcVPWubPWD1PWELmHNkTEDkTEDKnTDQPWD_nHN3rikQnHbOP9DzTHckmywbmW0OnjuhnADLmWE&referinfo=true&utm_source=&spm=&product=jingxuan,昆明市盘龙区,万宏国际,临街 上水 下水,234.17 ㎡,2.85,25.065046,102.732483
728,https://short.58.com/zd_p/af88aee8-f4a3-4cac-8732-01bcdfde54ea/?target=tk-16-xgk_femobwv_54036245091725q-feykn&end=end&lego_ts=nHTksAEVuyRBryuBmHcVPAEYPBYYnAw-sH9vrjEVPH93ujnLmhuWmvc3sjEkP1c3rHTYP1mdnHbY&product=zhiding,昆明市盘龙区,格林美步行街,临街 上水 下水,200 ㎡,1.42,25.055981,102.747253
729,https://km.58.com/shangpu/41370952197011x.shtml,昆明市盘龙区,金洲湾,临街 可餐饮,450 ㎡,1.98,25.067353,102.727354
730,https://km.58.com/shangpu/41638074768521x.shtml,昆明市盘龙区,颐高数码中心·-B座,临街 可餐饮 上水 下水,450 ㎡,1.85,25.068421,102.728156
731,https://km.58.com/shangpu/41650697374728x.shtml,昆明市盘龙区,金实西区仿江南水乡,临街 可餐饮 上水 下水,428 ㎡,4.22,25.09597,102.736978
732,https://km.58.com/shangpu/41668118868748x.shtml,昆明市盘龙区,金实西区仿江南水乡-东门,免租1个月 临街 可餐饮 可明火 上水,428 ㎡,3.58,25.094529,102.737092
733,https://km.58.com/shangpu/41525265080347x.shtml,昆明市盘龙区,双龙乡,免租1个月 临街,500 ㎡,0.33,25.124787,102.861595
734,https://km.58.com/shangpu/41536262594449x.shtml,昆明市盘龙区,金实西区仿江南水乡,临街 可餐饮 可明火 上水,428 ㎡,3.89,25.09597,102.736978
735,https://km.58.com/shangpu/41395076895489x.shtml,昆明市盘龙区,滨江俊园-停车场,临街,420 ㎡,0.03,25.073735,102.723258
736,https://km.58.com/shangpu/40775195791649x.shtml,昆明市盘龙区,拓东路4号,临街,413 ㎡,10.9,25.039935,102.727232
737,https://km.58.com/shangpu/40753975866011x.shtml,昆明市盘龙区,颐高数码中心·-西南门,临街 可餐饮 可明火 上水,450 ㎡,1.85,25.068234,102.72802
738,https://km.58.com/shangpu/40797895909512x.shtml?legourl=//legoclick.58.com/jump?target=szqoUi3draOWUvYf0v66UhIkIitYnj0OP19OPHbkrHNQnM980v6YUykKuad-nvu6nAPbnzYOujuWsHEzm1bVmHuBnBYLrH9vuycvPhnzuHDKPHNdnWb3n1TdnWNLnHEKTHD1njTkrj9OrHcQnHnvP1NKnHcOnjTKnHcOnjTKnikQPEDQPWD_nHN3rTDQPH9vnj0QnH91rjmQTHDKwbnVNDnVOuyAOsBpOuzkOsJMOsBeOmBgl2AClpAdOuyAlurlsSXNMSpDWSBqorB8JEDQTHDKTiYQTEDQnWE1n1E3PjTvrjE3PjmzrjE3THmK0A7zmyd1nWT1rWD_Uy-6UbGGrWDkn7tdnjTKnE7-PWTQrjnvPzd6rAnksHEvuhDVrjEdnBYLuhELrjmkPj0dnADKnHcYn1nYrjEkPWbLrjE3PWcLn9DQnWE1n1E3PjTvrj9vnWc1rj0zTEDKTEDKsEDKTy6YIZK1rBtfpvY8PH98mvqVsLIdpZR6sLPCmyOM0ZRWXBqkUWDf5vO-IdP-mgFWpjYQFh7zuyDqnHTkg1Nknau10HYQFbP_pyPoiNEqnE7-rjIzyhkvih6_mdDYXDm3iLnQRb7MTHDYsWckPa3QPHm8nHTKsHDKnTDKnikQPE7exEDQnjT1PTDQnjTQPHDYTyNdnW6Brj-WsHI-nAcVPAcvraY3PHnLsym1Py7hujuBPH93m9DKnTDKTHTKnHmQsjDdrj9_nHDOrj9Kn97bmWP-mW--PWT1PjTLnAmQ&referinfo=true&utm_source=&spm=&product=jingxuan,昆明市五华区,荷塘月色,免租1个月 临街,204 ㎡,90.0,25.099144,102.728528
739,https://km.58.com/shangpu/41703269015047x.shtml?legourl=//legoclick.58.com/jump?target=szqoUi3draOWUvYf0v66UhIkIitYnH0kn1cvrHTQPHTYPL980v6YUykKuad-nvu6nAPbnzYOujuWsHEzm1bVmHuBnBYLrH9vuycvPhnzuHDKPj9LPWcYrjb3nWcOrH9KTHDYnHNOP1mLPjbOPWE1njTKnHcOnjTKnHcOnjTKnikQPEDQPWD_nHN3rTDQPH9vnj0QnH91rjmQTHcKwbnVNDnVOuyAOsBpOuzkOsJMOsBeOmBgl2AClpAdOuyAlurlsSXNMSpDWSBqorB8JEDQTHDKTiYQTEDQnWEdPWbvnjEvP10vrHbdrjEkTHmK0A7zmyd1nWT1rWD_Uy-6UbGGrWDkn7tdnjTKnEDLPHD1nHmzmBYOPh7hsHw6PvEVrjDkPzdWnhNkPj9OmWNdujEKnHcYPHmOPWTYPW9Orjm1njmdPkDQnWEdPWbvnjEvrjE3nW9vP1czTEDKTEDKsEDKTy6YIZK1rBtfpvY8PH98mvqVsLIdpZR6sLPCmyOM0ZRWXBqkUWDf5vO-IdP-mgFWpjYQFh7zuyDqnHTkg1Nknau10HYQFbP_pyPoiNEqnE7-rjIzyhkvih6_mdDYXDm3iLnQRb7MTHDYsWckPa3QPHm8nHTKsHDKnTDKnikQPE7exEDQnjT1PTDQnjTQPHDYTyFBPjPbmHNYsHczujDVPjKbPadBmWNYsHmkuhcdujEYPjwbuTDKnTDKTHTKnHmQsjDdrj9_nHDOrj9Kn97WPHc1uAFbrANQmH0drycL&referinfo=true&utm_source=&spm=&product=jingxuan,昆明市五华区,荷塘月色,临街 可餐饮 上水 下水,150 ㎡,3.0,25.099144,102.728528
740,https://short.58.com/zd_p/e1cbc9e0-b185-4035-ae0c-84658dd6704e/?target=tk-16-xgk_femobwv_57980321608282q-feykn&end=end&lego_ts=nHTksAEVnjRhn1RWPvEVnjmvuaYYnHI-sHbOPynVmWn3PjnQmyPbnAR6sjEQPWnLnWbdrj01rHnO&product=zhiding,昆明市五华区,园西路,临街 可明火 上水 下水,190 ㎡,2.81,25.062829,102.712576
741,https://short.58.com/zd_p/517fdc53-0ebf-4ca4-889d-e9397b814522/?target=tk-16-xgk_femobwv_57956043036720q-feykn&end=end&lego_ts=nHTksAEVnjRhn1RWPvEVnjmvuaYYnHI-sHbOPynVmWn3PjnQmyPbnAR6sjEQPWE3P1TzP1c3nHbL&product=zhiding,昆明市五华区,华尔贝大厦,免租1个月 临街 可明火 上水 下水,172 ㎡,7.33,25.042803,102.721908
742,https://km.58.com/shangpu/41250154568082x.shtml,昆明市五华区,新闻路437号,免租1个月 可餐饮 可明火 上水 下水,500 ㎡,3.0,25.039999,102.694964
743,https://km.58.com/shangpu/41670416963473x.shtml,昆明市五华区,汇金大厦,临街 上水 下水,500 ㎡,3.2,25.068709,102.668698
744,https://km.58.com/shangpu/41606973274625x.shtml,昆明市五华区,正义路/人民中路(路口),临街 可餐饮 可明火 上水,460 ㎡,10.72,25.048216,102.716146
745,https://km.58.com/shangpu/41638014749064x.shtml,昆明市五华区,正义坊美食广场(正义坊购物中心店),临街 可餐饮 上水 下水,460 ㎡,9.3,25.047842,102.715908
746,https://km.58.com/shangpu/41538681358990x.shtml,昆明市五华区,重机厂生活区,免租1个月 临街 可餐饮,500 ㎡,2.0,25.139276,102.736564
747,https://km.58.com/shangpu/41546813423898x.shtml,昆明市五华区,丰宁阳光生鲜市场-西门,临街 上水 下水 380V,440 ㎡,1.67,25.055866,102.6775
748,https://km.58.com/shangpu/41715557850254x.shtml,昆明市五华区,昆明玉器城,免租1个月 临街 可明火 上水 下水,440 ㎡,0.08,25.15225,102.746941
749,https://km.58.com/shangpu/41695022907152x.shtml,昆明市五华区,丰宁农贸市场,临街 可明火 上水 下水,420 ㎡,1.73,25.055299,102.677622
750,https://km.58.com/shangpu/41338851076512x.shtml,昆明市五华区,天骄北麓-北区,免租6个月 临街 上水 下水 外摆区,500 ㎡,0.67,25.119529,102.735785
751,https://km.58.com/shangpu/40897056443808x.shtml,昆明市五华区,871ACE党群服务中心,免租3个月 临街 上水 下水 380V,500 ㎡,0.53,25.13882,102.744552
